phylum,taxon_id_parent,n_hok_1980_1999,n_hok_2000_2019,n_hok_tot_1980_1999,n_hok_tot_2000_2019,ell_l,ell_n,ell_f,ell_r,ell_t,substrate,wei
Bryophyta,42,21,15,227,227,1,4,6,7,6,"rock, hard",0.3333333333333333
Bryophyta,42,21,15,227,227,1,4,6,7,6,"rock, soft",0.3333333333333333
Bryophyta,42,21,15,227,227,1,4,6,7,6,artificial stone,0.3333333333333333
Bryophyta,46,1,3,227,227,8,2,9,5,2,mineral soil,1
Bryophyta,58,3,4,227,227,9,6,7,7,5,gravel or sand,0.3333333333333333
Bryophyta,58,3,4,227,227,9,6,7,7,5,mineral soil,0.3333333333333333
Bryophyta,58,3,4,227,227,9,6,7,7,5,soil on rock,0.3333333333333333
Bryophyta,60,41,92,227,227,4,3,6,3,4,decorticated wood,1
Bryophyta,65,27,44,227,227,5,5,6,7,3,epiphytic on living wood,0.3333333333333333
Bryophyta,65,27,44,227,227,5,5,6,7,3,"rock, hard",0.3333333333333333
Bryophyta,65,27,44,227,227,5,5,6,7,3,artificial stone,0.3333333333333333
Bryophyta,84,1,1,227,227,6,4,6,5,3,"rock, hard",0.3333333333333333
Bryophyta,84,1,1,227,227,6,4,6,5,3,mineral soil,0.3333333333333333
Bryophyta,84,1,1,227,227,6,4,6,5,3,soil on rock,0.3333333333333333
Bryophyta,85,4,2,227,227,8,3,9,4,3,gravel or sand,0.3333333333333333
Bryophyta,85,4,2,227,227,8,3,9,4,3,"rock, hard",0.3333333333333333
Bryophyta,85,4,2,227,227,8,3,9,4,3,mineral soil,0.3333333333333333
Bryophyta,86,1,3,227,227,8,2,9,8,2,gravel or sand,0.25
Bryophyta,86,1,3,227,227,8,2,9,8,2,"rock, hard",0.25
Bryophyta,86,1,3,227,227,8,2,9,8,2,"rock, soft",0.25
Bryophyta,86,1,3,227,227,8,2,9,8,2,mineral soil,0.25
Bryophyta,87,24,32,227,227,7,3,9,4,6,gravel or sand,0.5
Bryophyta,87,24,32,227,227,7,3,9,4,6,mineral soil,0.5
Bryophyta,91,5,1,227,227,7,7,8,7,7,mineral soil,1
Bryophyta,93,17,4,227,227,7,4,5,5,5,gravel or sand,0.3333333333333333
Bryophyta,93,17,4,227,227,7,4,5,5,5,mineral soil,0.3333333333333333
Bryophyta,93,17,4,227,227,7,4,5,5,5,soil on rock,0.3333333333333333
Bryophyta,96,12,8,227,227,8,3,3,8,7,gravel or sand,0.2
Bryophyta,96,12,8,227,227,8,3,3,8,7,"rock, soft",0.2
Bryophyta,96,12,8,227,227,8,3,3,8,7,artificial stone,0.2
Bryophyta,96,12,8,227,227,8,3,3,8,7,mineral soil,0.2
Bryophyta,96,12,8,227,227,8,3,3,8,7,soil on rock,0.2
Bryophyta,97,4,1,227,227,8,2,3,8,4,gravel or sand,0.3333333333333333
Bryophyta,97,4,1,227,227,8,2,3,8,4,mineral soil,0.3333333333333333
Bryophyta,97,4,1,227,227,8,2,3,8,4,soil on rock,0.3333333333333333
Bryophyta,104,209,218,227,227,5,6,6,7,5,decorticated wood,0.14285714285714285
Bryophyta,104,209,218,227,227,5,6,6,7,5,epiphytic on living wood,0.14285714285714285
Bryophyta,104,209,218,227,227,5,6,6,7,5,gravel or sand,0.14285714285714285
Bryophyta,104,209,218,227,227,5,6,6,7,5,"rock, hard",0.14285714285714285
Bryophyta,104,209,218,227,227,5,6,6,7,5,"rock, soft",0.14285714285714285
Bryophyta,104,209,218,227,227,5,6,6,7,5,artificial stone,0.14285714285714285
Bryophyta,104,209,218,227,227,5,6,6,7,5,mineral soil,0.14285714285714285
Bryophyta,121,2,1,227,227,5,4,5,7,5,decorticated wood,0.3333333333333333
Bryophyta,121,2,1,227,227,5,4,5,7,5,epiphytic on living wood,0.3333333333333333
Bryophyta,121,2,1,227,227,5,4,5,7,5,"rock, hard",0.3333333333333333
Bryophyta,124,9,11,227,227,5,5,5,8,3,epiphytic on living wood,0.2
Bryophyta,124,9,11,227,227,5,5,5,8,3,"rock, hard",0.2
Bryophyta,124,9,11,227,227,5,5,5,8,3,"rock, soft",0.2
Bryophyta,124,9,11,227,227,5,5,5,8,3,artificial stone,0.2
Bryophyta,124,9,11,227,227,5,5,5,8,3,mineral soil,0.2
Bryophyta,130,4,10,227,227,6,2,4,5,3,epiphytic on living wood,1
Bryophyta,136,11,12,227,227,7,3,8,4,5,mineral soil,1
Bryophyta,139,63,43,227,227,7,3,8,4,3,gravel or sand,0.5
Bryophyta,139,63,43,227,227,7,3,8,4,3,mineral soil,0.5
Bryophyta,140,207,211,227,227,4,5,6,5,5,gravel or sand,0.5
Bryophyta,140,207,211,227,227,4,5,6,5,5,mineral soil,0.5
Bryophyta,142,198,161,227,227,5,4,6,3,4,decorticated wood,0.5
Bryophyta,142,198,161,227,227,5,4,6,3,4,epiphytic on living wood,0.5
Bryophyta,143,68,81,227,227,7,2,8,3,2,peat,0.5
Bryophyta,143,68,81,227,227,7,2,8,3,2,mineral soil,0.5
Bryophyta,151,163,192,227,227,7,5,4,7,6,gravel or sand,0.3333333333333333
Bryophyta,151,163,192,227,227,7,5,4,7,6,mineral soil,0.3333333333333333
Bryophyta,151,163,192,227,227,7,5,4,7,6,soil on rock,0.3333333333333333
Bryophyta,152,150,193,227,227,7,5,5,7,6,gravel or sand,0.3333333333333333
Bryophyta,152,150,193,227,227,7,5,5,7,6,mineral soil,0.3333333333333333
Bryophyta,152,150,193,227,227,7,5,5,7,6,soil on rock,0.3333333333333333
Bryophyta,156,5,4,227,227,4,2,6,4,3,gravel or sand,0.2
Bryophyta,156,5,4,227,227,4,2,6,4,3,"rock, hard",0.2
Bryophyta,156,5,4,227,227,4,2,6,4,3,"rock, soft",0.2
Bryophyta,156,5,4,227,227,4,2,6,4,3,mineral soil,0.2
Bryophyta,156,5,4,227,227,4,2,6,4,3,soil on rock,0.2
Bryophyta,165,117,160,227,227,8,3,3,6,3,gravel or sand,0.5
Bryophyta,165,117,160,227,227,8,3,3,6,3,mineral soil,0.5
Bryophyta,167,11,2,227,227,7,3,4,8,3,gravel or sand,0.5
Bryophyta,167,11,2,227,227,7,3,4,8,3,mineral soil,0.5
Bryophyta,168,18,27,227,227,8,4,6,6,4,gravel or sand,0.5
Bryophyta,168,18,27,227,227,8,4,6,6,4,mineral soil,0.5
Bryophyta,174,31,62,227,227,6,5,8,6,3,decaying vegetation,0.2
Bryophyta,174,31,62,227,227,6,5,8,6,3,decorticated wood,0.2
Bryophyta,174,31,62,227,227,6,5,8,6,3,"rock, hard",0.2
Bryophyta,174,31,62,227,227,6,5,8,6,3,artificial stone,0.2
Bryophyta,174,31,62,227,227,6,5,8,6,3,mineral soil,0.2
Bryophyta,175,217,223,227,227,6,6,6,6,7,decaying vegetation,0.125
Bryophyta,175,217,223,227,227,6,6,6,6,7,decorticated wood,0.125
Bryophyta,175,217,223,227,227,6,6,6,6,7,epiphytic on living wood,0.125
Bryophyta,175,217,223,227,227,6,6,6,6,7,gravel or sand,0.125
Bryophyta,175,217,223,227,227,6,6,6,6,7,"rock, hard",0.125
Bryophyta,175,217,223,227,227,6,6,6,6,7,artificial stone,0.125
Bryophyta,175,217,223,227,227,6,6,6,6,7,mineral soil,0.125
Bryophyta,175,217,223,227,227,6,6,6,6,7,soil on rock,0.125
Bryophyta,176,93,134,227,227,5,5,6,6,4,decorticated wood,1
Bryophyta,182,57,97,227,227,5,4,5,7,5,gravel or sand,0.25
Bryophyta,182,57,97,227,227,5,4,5,7,5,"rock, soft",0.25
Bryophyta,182,57,97,227,227,5,4,5,7,5,artificial stone,0.25
Bryophyta,182,57,97,227,227,5,4,5,7,5,soil on rock,0.25
Bryophyta,184,7,10,227,227,9,4,6,7,3,gravel or sand,1
Bryophyta,186,208,196,227,227,8,7,4,6,5,gravel or sand,0.16666666666666666
Bryophyta,186,208,196,227,227,8,7,4,6,5,"rock, hard",0.16666666666666666
Bryophyta,186,208,196,227,227,8,7,4,6,5,"rock, soft",0.16666666666666666
Bryophyta,186,208,196,227,227,8,7,4,6,5,artificial stone,0.16666666666666666
Bryophyta,186,208,196,227,227,8,7,4,6,5,mineral soil,0.16666666666666666
Bryophyta,186,208,196,227,227,8,7,4,6,5,soil on rock,0.16666666666666666
Bryophyta,188,4,34,227,227,8,3,5,3,5,peat,0.5
Bryophyta,188,4,34,227,227,8,3,5,3,5,mineral soil,0.5
Bryophyta,189,59,32,227,227,7,5,4,6,5,gravel or sand,0.3333333333333333
Bryophyta,189,59,32,227,227,7,5,4,6,5,artificial stone,0.3333333333333333
Bryophyta,189,59,32,227,227,7,5,4,6,5,mineral soil,0.3333333333333333
Bryophyta,191,202,213,227,227,6,4,4,7,5,decorticated wood,0.14285714285714285
Bryophyta,191,202,213,227,227,6,4,4,7,5,epiphytic on living wood,0.14285714285714285
Bryophyta,191,202,213,227,227,6,4,4,7,5,gravel or sand,0.14285714285714285
Bryophyta,191,202,213,227,227,6,4,4,7,5,"rock, hard",0.14285714285714285
Bryophyta,191,202,213,227,227,6,4,4,7,5,artificial stone,0.14285714285714285
Bryophyta,191,202,213,227,227,6,4,4,7,5,mineral soil,0.14285714285714285
Bryophyta,191,202,213,227,227,6,4,4,7,5,soil on rock,0.14285714285714285
Bryophyta,195,108,112,227,227,7,7,5,7,6,gravel or sand,0.3333333333333333
Bryophyta,195,108,112,227,227,7,7,5,7,6,mineral soil,0.3333333333333333
Bryophyta,195,108,112,227,227,7,7,5,7,6,soil on rock,0.3333333333333333
Bryophyta,200,42,25,227,227,7,6,7,7,6,gravel or sand,0.5
Bryophyta,200,42,25,227,227,7,6,7,7,6,mineral soil,0.5
Bryophyta,204,2,5,227,227,8,4,6,7,4,gravel or sand,0.5
Bryophyta,204,2,5,227,227,8,4,6,7,4,mineral soil,0.5
Bryophyta,205,31,19,227,227,8,6,6,6,6,mineral soil,1
Bryophyta,206,1,0,227,227,7,4,7,7,2,gravel or sand,1
Bryophyta,208,11,9,227,227,5,5,5,6,7,epiphytic on living wood,1
Bryophyta,211,27,23,227,227,7,4,7,6,3,gravel or sand,0.5
Bryophyta,211,27,23,227,227,7,4,7,6,3,mineral soil,0.5
Bryophyta,212,1,10,227,227,7,4,5,6,5,decaying vegetation,0.16666666666666666
Bryophyta,212,1,10,227,227,7,4,5,6,5,gravel or sand,0.16666666666666666
Bryophyta,212,1,10,227,227,7,4,5,6,5,"rock, hard",0.16666666666666666
Bryophyta,212,1,10,227,227,7,4,5,6,5,artificial stone,0.16666666666666666
Bryophyta,212,1,10,227,227,7,4,5,6,5,mineral soil,0.16666666666666666
Bryophyta,212,1,10,227,227,7,4,5,6,5,soil on rock,0.16666666666666666
Bryophyta,213,25,58,227,227,8,3,9,6,3,gravel or sand,0.5
Bryophyta,213,25,58,227,227,8,3,9,6,3,mineral soil,0.5
Bryophyta,214,9,36,227,227,6,5,3,8,6,"rock, hard",0.2
Bryophyta,214,9,36,227,227,6,5,3,8,6,"rock, soft",0.2
Bryophyta,214,9,36,227,227,6,5,3,8,6,artificial stone,0.2
Bryophyta,214,9,36,227,227,6,5,3,8,6,mineral soil,0.2
Bryophyta,214,9,36,227,227,6,5,3,8,6,soil on rock,0.2
Bryophyta,216,9,19,227,227,7,6,4,7,6,gravel or sand,0.5
Bryophyta,216,9,19,227,227,7,6,4,7,6,mineral soil,0.5
Bryophyta,220,36,31,227,227,8,5,4,5,7,mineral soil,1
Bryophyta,222,32,48,227,227,8,3,6,3,4,mineral soil,1
Bryophyta,227,18,9,227,227,8,6,4,6,5,mineral soil,1
Bryophyta,233,92,77,227,227,5,5,10,4,4,decaying vegetation,0.5
Bryophyta,233,92,77,227,227,5,5,10,4,4,mineral soil,0.5
Bryophyta,234,6,26,227,227,7,3,10,6,3,mineral soil,1
Bryophyta,237,174,197,227,227,7,4,7,7,3,gravel or sand,0.5
Bryophyta,237,174,197,227,227,7,4,7,7,3,mineral soil,0.5
Bryophyta,238,4,1,227,227,7,3,7,5,3,gravel or sand,0.5
Bryophyta,238,4,1,227,227,7,3,7,5,3,mineral soil,0.5
Bryophyta,249,5,3,227,227,8,2,2,8,4,gravel or sand,0.3333333333333333
Bryophyta,249,5,3,227,227,8,2,2,8,4,"rock, hard",0.3333333333333333
Bryophyta,249,5,3,227,227,8,2,2,8,4,mineral soil,0.3333333333333333
Bryophyta,250,1,1,227,227,8,3,9,7,2,decaying vegetation,0.3333333333333333
Bryophyta,250,1,1,227,227,8,3,9,7,2,gravel or sand,0.3333333333333333
Bryophyta,250,1,1,227,227,8,3,9,7,2,mineral soil,0.3333333333333333
Bryophyta,252,16,10,227,227,8,2,8,6,3,gravel or sand,0.5
Bryophyta,252,16,10,227,227,8,2,8,6,3,mineral soil,0.5
Bryophyta,254,4,1,227,227,2,4,5,8,3,epiphytic on living wood,0.3333333333333333
Bryophyta,254,4,1,227,227,2,4,5,8,3,"rock, hard",0.3333333333333333
Bryophyta,254,4,1,227,227,2,4,5,8,3,mineral soil,0.3333333333333333
Bryophyta,257,90,97,227,227,6,1,6,2,4,decorticated wood,0.3333333333333333
Bryophyta,257,90,97,227,227,6,1,6,2,4,peat,0.3333333333333333
Bryophyta,257,90,97,227,227,6,1,6,2,4,mineral soil,0.3333333333333333
Bryophyta,259,143,171,227,227,7,2,5,2,6,decaying vegetation,0.14285714285714285
Bryophyta,259,143,171,227,227,7,2,5,2,6,decorticated wood,0.14285714285714285
Bryophyta,259,143,171,227,227,7,2,5,2,6,gravel or sand,0.14285714285714285
Bryophyta,259,143,171,227,227,7,2,5,2,6,peat,0.14285714285714285
Bryophyta,259,143,171,227,227,7,2,5,2,6,artificial stone,0.14285714285714285
Bryophyta,259,143,171,227,227,7,2,5,2,6,mineral soil,0.14285714285714285
Bryophyta,259,143,171,227,227,7,2,5,2,6,soil on rock,0.14285714285714285
Bryophyta,261,126,138,227,227,6,2,5,2,4,decaying vegetation,0.25
Bryophyta,261,126,138,227,227,6,2,5,2,4,decorticated wood,0.25
Bryophyta,261,126,138,227,227,6,2,5,2,4,peat,0.25
Bryophyta,261,126,138,227,227,6,2,5,2,4,mineral soil,0.25
Bryophyta,283,214,215,227,227,7,3,4,5,3,decaying vegetation,0.125
Bryophyta,283,214,215,227,227,7,3,4,5,3,decorticated wood,0.125
Bryophyta,283,214,215,227,227,7,3,4,5,3,gravel or sand,0.125
Bryophyta,283,214,215,227,227,7,3,4,5,3,peat,0.125
Bryophyta,283,214,215,227,227,7,3,4,5,3,"rock, soft",0.125
Bryophyta,283,214,215,227,227,7,3,4,5,3,artificial stone,0.125
Bryophyta,283,214,215,227,227,7,3,4,5,3,mineral soil,0.125
Bryophyta,283,214,215,227,227,7,3,4,5,3,soil on rock,0.125
Bryophyta,291,1,0,227,227,7,4,8,7,7,"rock, hard",0.5
Bryophyta,291,1,0,227,227,7,4,8,7,7,artificial stone,0.5
Bryophyta,292,2,7,227,227,7,4,8,7,4,"rock, hard",0.5
Bryophyta,292,2,7,227,227,7,4,8,7,4,artificial stone,0.5
Bryophyta,293,2,2,227,227,7,4,8,7,6,"rock, hard",0.5
Bryophyta,293,2,2,227,227,7,4,8,7,6,artificial stone,0.5
Bryophyta,295,27,55,227,227,4,6,6,6,3,mineral soil,1
Bryophyta,301,51,57,227,227,7,3,7,5,3,gravel or sand,0.5
Bryophyta,301,51,57,227,227,7,3,7,5,3,mineral soil,0.5
Bryophyta,314,45,62,227,227,6,5,8,7,4,gravel or sand,0.3333333333333333
Bryophyta,314,45,62,227,227,6,5,8,7,4,artificial stone,0.3333333333333333
Bryophyta,314,45,62,227,227,6,5,8,7,4,mineral soil,0.3333333333333333
Bryophyta,318,64,164,227,227,6,5,5,6,6,epiphytic on living wood,1
Bryophyta,320,8,6,227,227,7,2,6,7,4,gravel or sand,0.14285714285714285
Bryophyta,320,8,6,227,227,7,2,6,7,4,peat,0.14285714285714285
Bryophyta,320,8,6,227,227,7,2,6,7,4,"rock, hard",0.14285714285714285
Bryophyta,320,8,6,227,227,7,2,6,7,4,"rock, soft",0.14285714285714285
Bryophyta,320,8,6,227,227,7,2,6,7,4,artificial stone,0.14285714285714285
Bryophyta,320,8,6,227,227,7,2,6,7,4,mineral soil,0.14285714285714285
Bryophyta,320,8,6,227,227,7,2,6,7,4,soil on rock,0.14285714285714285
Bryophyta,327,1,3,227,227,6,5,5,7,8,epiphytic on living wood,0.5
Bryophyta,327,1,3,227,227,6,5,5,7,8,artificial stone,0.5
Bryophyta,330,2,1,227,227,6,2,8,6,3,gravel or sand,0.3333333333333333
Bryophyta,330,2,1,227,227,6,2,8,6,3,"rock, hard",0.3333333333333333
Bryophyta,330,2,1,227,227,6,2,8,6,3,soil on rock,0.3333333333333333
Bryophyta,332,73,45,227,227,7,2,6,2,3,gravel or sand,0.3333333333333333
Bryophyta,332,73,45,227,227,7,2,6,2,3,peat,0.3333333333333333
Bryophyta,332,73,45,227,227,7,2,6,2,3,mineral soil,0.3333333333333333
Bryophyta,333,194,205,227,227,4,3,5,3,4,decorticated wood,0.2
Bryophyta,333,194,205,227,227,4,3,5,3,4,gravel or sand,0.2
Bryophyta,333,194,205,227,227,4,3,5,3,4,peat,0.2
Bryophyta,333,194,205,227,227,4,3,5,3,4,mineral soil,0.2
Bryophyta,333,194,205,227,227,4,3,5,3,4,soil on rock,0.2
Bryophyta,335,29,10,227,227,7,3,6,3,4,mineral soil,1
Bryophyta,336,65,43,227,227,7,6,6,6,3,mineral soil,1
Bryophyta,337,121,130,227,227,8,6,5,6,5,mineral soil,1
Bryophyta,339,43,49,227,227,7,4,5,7,4,gravel or sand,0.5
Bryophyta,339,43,49,227,227,7,4,5,7,4,mineral soil,0.5
Bryophyta,342,217,209,227,227,5,4,4,4,5,decaying vegetation,0.3333333333333333
Bryophyta,342,217,209,227,227,5,4,4,4,5,decorticated wood,0.3333333333333333
Bryophyta,342,217,209,227,227,5,4,4,4,5,epiphytic on living wood,0.3333333333333333
Bryophyta,346,12,6,227,227,7,2,7,5,3,mineral soil,1
Bryophyta,347,5,2,227,227,4,3,4,3,4,decorticated wood,1
Bryophyta,350,4,4,227,227,4,2,6,3,3,mineral soil,0.5
Bryophyta,350,4,4,227,227,4,2,6,3,3,soil on rock,0.5
Bryophyta,351,150,155,227,227,5,3,4,3,3,decorticated wood,0.5
Bryophyta,351,150,155,227,227,5,3,4,3,3,epiphytic on living wood,0.5
Bryophyta,352,30,21,227,227,5,2,5,3,3,peat,0.5
Bryophyta,352,30,21,227,227,5,2,5,3,3,mineral soil,0.5
Bryophyta,353,185,175,227,227,6,2,5,3,3,decorticated wood,0.14285714285714285
Bryophyta,353,185,175,227,227,6,2,5,3,3,gravel or sand,0.14285714285714285
Bryophyta,353,185,175,227,227,6,2,5,3,3,peat,0.14285714285714285
Bryophyta,353,185,175,227,227,6,2,5,3,3,"rock, hard",0.14285714285714285
Bryophyta,353,185,175,227,227,6,2,5,3,3,mineral soil,0.14285714285714285
Bryophyta,353,185,175,227,227,6,2,5,3,3,soil on rock,0.14285714285714285
Bryophyta,354,4,3,227,227,6,2,5,2,3,mineral soil,1
Bryophyta,355,75,113,227,227,4,3,4,3,3,decorticated wood,0.5
Bryophyta,355,75,113,227,227,4,3,4,3,3,epiphytic on living wood,0.5
Bryophyta,358,1,1,227,227,8,2,3,8,6,gravel or sand,0.3333333333333333
Bryophyta,358,1,1,227,227,8,2,3,8,6,mineral soil,0.3333333333333333
Bryophyta,358,1,1,227,227,8,2,3,8,6,soil on rock,0.3333333333333333
Bryophyta,360,43,52,227,227,7,3,4,7,6,gravel or sand,0.3333333333333333
Bryophyta,360,43,52,227,227,7,3,4,7,6,mineral soil,0.3333333333333333
Bryophyta,360,43,52,227,227,7,3,4,7,6,soil on rock,0.3333333333333333
Bryophyta,362,27,68,227,227,4,4,4,8,6,"rock, soft",0.3333333333333333
Bryophyta,362,27,68,227,227,4,4,4,8,6,artificial stone,0.3333333333333333
Bryophyta,362,27,68,227,227,4,4,4,8,6,soil on rock,0.3333333333333333
Bryophyta,364,55,87,227,227,5,4,4,8,3,"rock, hard",0.5
Bryophyta,364,55,87,227,227,5,4,4,8,3,artificial stone,0.5
Bryophyta,365,8,28,227,227,4,5,6,7,6,"rock, hard",0.5
Bryophyta,365,8,28,227,227,4,5,6,7,6,artificial stone,0.5
Bryophyta,367,49,32,227,227,5,4,8,8,5,gravel or sand,0.2
Bryophyta,367,49,32,227,227,5,4,8,8,5,"rock, soft",0.2
Bryophyta,367,49,32,227,227,5,4,8,8,5,artificial stone,0.2
Bryophyta,367,49,32,227,227,5,4,8,8,5,mineral soil,0.2
Bryophyta,367,49,32,227,227,5,4,8,8,5,soil on rock,0.2
Bryophyta,368,34,59,227,227,6,4,3,8,7,gravel or sand,0.16666666666666666
Bryophyta,368,34,59,227,227,6,4,3,8,7,"rock, hard",0.16666666666666666
Bryophyta,368,34,59,227,227,6,4,3,8,7,"rock, soft",0.16666666666666666
Bryophyta,368,34,59,227,227,6,4,3,8,7,artificial stone,0.16666666666666666
Bryophyta,368,34,59,227,227,6,4,3,8,7,mineral soil,0.16666666666666666
Bryophyta,368,34,59,227,227,6,4,3,8,7,soil on rock,0.16666666666666666
Bryophyta,381,4,2,227,227,7,2,3,7,6,gravel or sand,0.3333333333333333
Bryophyta,381,4,2,227,227,7,2,3,7,6,mineral soil,0.3333333333333333
Bryophyta,381,4,2,227,227,7,2,3,7,6,soil on rock,0.3333333333333333
Bryophyta,383,17,4,227,227,5,2,6,3,3,gravel or sand,0.3333333333333333
Bryophyta,383,17,4,227,227,5,2,6,3,3,mineral soil,0.3333333333333333
Bryophyta,383,17,4,227,227,5,2,6,3,3,soil on rock,0.3333333333333333
Bryophyta,384,5,4,227,227,6,2,6,3,2,mineral soil,1
Bryophyta,386,9,7,227,227,7,3,5,4,4,mineral soil,1
Bryophyta,390,56,88,227,227,7,6,10,7,4,gravel or sand,0.3333333333333333
Bryophyta,390,56,88,227,227,7,6,10,7,4,mineral soil,0.3333333333333333
Bryophyta,391,10,12,227,227,9,3,8,7,3,gravel or sand,0.5
Bryophyta,391,10,12,227,227,9,3,8,7,3,mineral soil,0.5
Bryophyta,395,26,21,227,227,6,2,4,8,5,gravel or sand,0.16666666666666666
Bryophyta,395,26,21,227,227,6,2,4,8,5,"rock, hard",0.16666666666666666
Bryophyta,395,26,21,227,227,6,2,4,8,5,"rock, soft",0.16666666666666666
Bryophyta,395,26,21,227,227,6,2,4,8,5,artificial stone,0.16666666666666666
Bryophyta,395,26,21,227,227,6,2,4,8,5,mineral soil,0.16666666666666666
Bryophyta,395,26,21,227,227,6,2,4,8,5,soil on rock,0.16666666666666666
Bryophyta,396,4,2,227,227,7,3,4,8,5,"rock, hard",0.2
Bryophyta,396,4,2,227,227,7,3,4,8,5,"rock, soft",0.2
Bryophyta,396,4,2,227,227,7,3,4,8,5,artificial stone,0.2
Bryophyta,396,4,2,227,227,7,3,4,8,5,mineral soil,0.2
Bryophyta,396,4,2,227,227,7,3,4,8,5,soil on rock,0.2
Bryophyta,398,1,2,227,227,8,2,4,8,4,gravel or sand,0.3333333333333333
Bryophyta,398,1,2,227,227,8,2,4,8,4,mineral soil,0.3333333333333333
Bryophyta,398,1,2,227,227,8,2,4,8,4,soil on rock,0.3333333333333333
Bryophyta,400,3,1,227,227,8,4,6,5,6,mineral soil,1
Bryophyta,401,2,1,227,227,7,3,7,5,4,gravel or sand,0.3333333333333333
Bryophyta,401,2,1,227,227,7,3,7,5,4,mineral soil,0.3333333333333333
Bryophyta,401,2,1,227,227,7,3,7,5,4,soil on rock,0.3333333333333333
Bryophyta,405,16,10,227,227,7,5,8,5,5,mineral soil,1
Bryophyta,409,7,3,227,227,2,3,7,9,7,"rock, hard",0.3333333333333333
Bryophyta,409,7,3,227,227,2,3,7,9,7,"rock, soft",0.3333333333333333
Bryophyta,409,7,3,227,227,2,3,7,9,7,artificial stone,0.3333333333333333
Bryophyta,421,85,178,227,227,4,5,6,6,6,"rock, hard",0.25
Bryophyta,421,85,178,227,227,4,5,6,6,6,"rock, soft",0.25
Bryophyta,421,85,178,227,227,4,5,6,6,6,mineral soil,0.25
Bryophyta,421,85,178,227,227,4,5,6,6,6,soil on rock,0.25
Bryophyta,423,22,18,227,227,7,2,7,6,3,gravel or sand,0.16666666666666666
Bryophyta,423,22,18,227,227,7,2,7,6,3,peat,0.16666666666666666
Bryophyta,423,22,18,227,227,7,2,7,6,3,"rock, hard",0.16666666666666666
Bryophyta,423,22,18,227,227,7,2,7,6,3,"rock, soft",0.16666666666666666
Bryophyta,423,22,18,227,227,7,2,7,6,3,artificial stone,0.16666666666666666
Bryophyta,423,22,18,227,227,7,2,7,6,3,mineral soil,0.16666666666666666
Bryophyta,425,106,124,227,227,4,5,5,5,7,mineral soil,0.5
Bryophyta,425,106,124,227,227,4,5,5,5,7,soil on rock,0.5
Bryophyta,427,6,9,227,227,5,7,9,7,6,"rock, hard",0.5
Bryophyta,427,6,9,227,227,5,7,9,7,6,artificial stone,0.5
Bryophyta,429,22,17,227,227,7,2,4,7,4,gravel or sand,0.16666666666666666
Bryophyta,429,22,17,227,227,7,2,4,7,4,"rock, hard",0.16666666666666666
Bryophyta,429,22,17,227,227,7,2,4,7,4,"rock, soft",0.16666666666666666
Bryophyta,429,22,17,227,227,7,2,4,7,4,artificial stone,0.16666666666666666
Bryophyta,429,22,17,227,227,7,2,4,7,4,mineral soil,0.16666666666666666
Bryophyta,429,22,17,227,227,7,2,4,7,4,soil on rock,0.16666666666666666
Bryophyta,430,9,12,227,227,4,5,5,5,5,mineral soil,1
Bryophyta,431,14,16,227,227,1,4,5,7,4,"rock, hard",0.3333333333333333
Bryophyta,431,14,16,227,227,1,4,5,7,4,"rock, soft",0.3333333333333333
Bryophyta,431,14,16,227,227,1,4,5,7,4,artificial stone,0.3333333333333333
Bryophyta,435,1,0,227,227,7,2,7,5,2,"rock, hard",0.5
Bryophyta,435,1,0,227,227,7,2,7,5,2,mineral soil,0.5
Bryophyta,439,99,102,227,227,4,5,5,7,4,"rock, hard",0.5
Bryophyta,439,99,102,227,227,4,5,5,7,4,mineral soil,0.5
Bryophyta,440,40,40,227,227,3,6,5,7,5,mineral soil,0.5
Bryophyta,440,40,40,227,227,3,6,5,7,5,soil on rock,0.5
Bryophyta,442,10,10,227,227,6,5,12,6,5,"rock, hard",0.5
Bryophyta,442,10,10,227,227,6,5,12,6,5,artificial stone,0.5
Bryophyta,454,172,186,227,227,7,7,5,6,6,gravel or sand,0.25
Bryophyta,454,172,186,227,227,7,7,5,6,6,artificial stone,0.25
Bryophyta,454,172,186,227,227,7,7,5,6,6,mineral soil,0.25
Bryophyta,454,172,186,227,227,7,7,5,6,6,soil on rock,0.25
Bryophyta,470,1,7,227,227,9,1,1,9,7,"rock, hard",0.5
Bryophyta,470,1,7,227,227,9,1,1,9,7,artificial stone,0.5
Bryophyta,472,201,207,227,227,8,4,1,8,5,"rock, hard",0.5
Bryophyta,472,201,207,227,227,8,4,1,8,5,artificial stone,0.5
Bryophyta,480,17,18,227,227,8,2,3,8,4,gravel or sand,0.3333333333333333
Bryophyta,480,17,18,227,227,8,2,3,8,4,mineral soil,0.3333333333333333
Bryophyta,480,17,18,227,227,8,2,3,8,4,soil on rock,0.3333333333333333
Bryophyta,481,121,146,227,227,7,4,3,7,3,epiphytic on living wood,0.25
Bryophyta,481,121,146,227,227,7,4,3,7,3,"rock, hard",0.25
Bryophyta,481,121,146,227,227,7,4,3,7,3,"rock, soft",0.25
Bryophyta,481,121,146,227,227,7,4,3,7,3,artificial stone,0.25
Bryophyta,485,1,3,227,227,3,4,7,5,3,mineral soil,1
Bryophyta,488,25,26,227,227,6,4,9,7,3,"rock, hard",0.5
Bryophyta,488,25,26,227,227,6,4,9,7,3,artificial stone,0.5
Bryophyta,493,5,22,227,227,6,2,5,4,3,gravel or sand,0.3333333333333333
Bryophyta,493,5,22,227,227,6,2,5,4,3,peat,0.3333333333333333
Bryophyta,493,5,22,227,227,6,2,5,4,3,mineral soil,0.3333333333333333
Bryophyta,500,2,21,227,227,3,3,5,4,4,epiphytic on living wood,1
Bryophyta,501,222,226,227,227,6,4,4,4,6,decorticated wood,0.14285714285714285
Bryophyta,501,222,226,227,227,6,4,4,4,6,epiphytic on living wood,0.14285714285714285
Bryophyta,501,222,226,227,227,6,4,4,4,6,gravel or sand,0.14285714285714285
Bryophyta,501,222,226,227,227,6,4,4,4,6,"rock, hard",0.14285714285714285
Bryophyta,501,222,226,227,227,6,4,4,4,6,artificial stone,0.14285714285714285
Bryophyta,501,222,226,227,227,6,4,4,4,6,mineral soil,0.14285714285714285
Bryophyta,501,222,226,227,227,6,4,4,4,6,soil on rock,0.14285714285714285
Bryophyta,502,6,2,227,227,8,1,7,1,3,peat,0.5
Bryophyta,502,6,2,227,227,8,1,7,1,3,mineral soil,0.5
Bryophyta,503,87,157,227,227,6,2,5,2,3,decaying vegetation,0.25
Bryophyta,503,87,157,227,227,6,2,5,2,3,gravel or sand,0.25
Bryophyta,503,87,157,227,227,6,2,5,2,3,peat,0.25
Bryophyta,503,87,157,227,227,6,2,5,2,3,mineral soil,0.25
Bryophyta,509,16,61,227,227,4,5,6,6,4,epiphytic on living wood,0.5
Bryophyta,509,16,61,227,227,4,5,6,6,4,"rock, hard",0.5
Bryophyta,511,27,113,227,227,4,3,6,4,4,decorticated wood,0.3333333333333333
Bryophyta,511,27,113,227,227,4,3,6,4,4,epiphytic on living wood,0.3333333333333333
Bryophyta,511,27,113,227,227,4,3,6,4,4,"rock, hard",0.3333333333333333
Bryophyta,541,4,2,227,227,1,4,5,8,8,"rock, hard",0.3333333333333333
Bryophyta,541,4,2,227,227,1,4,5,8,8,"rock, soft",0.3333333333333333
Bryophyta,541,4,2,227,227,1,4,5,8,8,artificial stone,0.3333333333333333
Bryophyta,543,103,85,227,227,7,7,6,6,6,mineral soil,1
Bryophyta,545,184,141,227,227,6,7,9,7,7,decorticated wood,0.2
Bryophyta,545,184,141,227,227,6,7,9,7,7,epiphytic on living wood,0.2
Bryophyta,545,184,141,227,227,6,7,9,7,7,"rock, hard",0.2
Bryophyta,545,184,141,227,227,6,7,9,7,7,artificial stone,0.2
Bryophyta,545,184,141,227,227,6,7,9,7,7,mineral soil,0.2
Bryophyta,547,3,2,227,227,7,2,4,2,5,decaying vegetation,0.16666666666666666
Bryophyta,547,3,2,227,227,7,2,4,2,5,decorticated wood,0.16666666666666666
Bryophyta,547,3,2,227,227,7,2,4,2,5,gravel or sand,0.16666666666666666
Bryophyta,547,3,2,227,227,7,2,4,2,5,peat,0.16666666666666666
Bryophyta,547,3,2,227,227,7,2,4,2,5,mineral soil,0.16666666666666666
Bryophyta,547,3,2,227,227,7,2,4,2,5,soil on rock,0.16666666666666666
Bryophyta,548,1,4,227,227,6,2,5,3,6,decaying vegetation,0.5
Bryophyta,548,1,4,227,227,6,2,5,3,6,decorticated wood,0.5
Bryophyta,550,69,79,227,227,6,6,5,7,5,epiphytic on living wood,0.5
Bryophyta,550,69,79,227,227,6,6,5,7,5,artificial stone,0.5
Bryophyta,552,60,95,227,227,5,2,6,2,3,decaying vegetation,0.25
Bryophyta,552,60,95,227,227,5,2,6,2,3,decorticated wood,0.25
Bryophyta,552,60,95,227,227,5,2,6,2,3,peat,0.25
Bryophyta,552,60,95,227,227,5,2,6,2,3,mineral soil,0.25
Bryophyta,555,5,17,227,227,6,4,4,7,5,epiphytic on living wood,0.3333333333333333
Bryophyta,555,5,17,227,227,6,4,4,7,5,"rock, hard",0.3333333333333333
Bryophyta,555,5,17,227,227,6,4,4,7,5,artificial stone,0.3333333333333333
Bryophyta,594,4,3,227,227,8,2,3,9,6,mineral soil,0.5
Bryophyta,594,4,3,227,227,8,2,3,9,6,soil on rock,0.5
Bryophyta,595,10,13,227,227,8,5,3,7,6,mineral soil,1
Bryophyta,596,2,4,227,227,8,4,5,8,6,mineral soil,1
Bryophyta,602,11,7,227,227,8,5,8,5,7,mineral soil,1
Bryophyta,606,204,205,227,227,4,4,5,4,3,decorticated wood,0.25
Bryophyta,606,204,205,227,227,4,4,5,4,3,gravel or sand,0.25
Bryophyta,606,204,205,227,227,4,4,5,4,3,peat,0.25
Bryophyta,606,204,205,227,227,4,4,5,4,3,mineral soil,0.25
Bryophyta,607,11,10,227,227,3,4,6,7,3,"rock, hard",0.3333333333333333
Bryophyta,607,11,10,227,227,3,4,6,7,3,"rock, soft",0.3333333333333333
Bryophyta,607,11,10,227,227,3,4,6,7,3,mineral soil,0.3333333333333333
Bryophyta,608,7,6,227,227,2,4,6,7,3,"rock, hard",0.2
Bryophyta,608,7,6,227,227,2,4,6,7,3,"rock, soft",0.2
Bryophyta,608,7,6,227,227,2,4,6,7,3,artificial stone,0.2
Bryophyta,608,7,6,227,227,2,4,6,7,3,mineral soil,0.2
Bryophyta,608,7,6,227,227,2,4,6,7,3,soil on rock,0.2
Bryophyta,620,9,15,227,227,5,4,4,7,3,epiphytic on living wood,0.3333333333333333
Bryophyta,620,9,15,227,227,5,4,4,7,3,"rock, hard",0.3333333333333333
Bryophyta,620,9,15,227,227,5,4,4,7,3,artificial stone,0.3333333333333333
Bryophyta,631,2,1,227,227,7,1,5,2,3,gravel or sand,0.5
Bryophyta,631,2,1,227,227,7,1,5,2,3,mineral soil,0.5
Bryophyta,633,131,140,227,227,4,4,5,3,4,decorticated wood,0.5
Bryophyta,633,131,140,227,227,4,4,5,3,4,epiphytic on living wood,0.5
Bryophyta,638,188,221,227,227,6,5,4,6,4,epiphytic on living wood,1
Bryophyta,639,137,165,227,227,8,4,2,8,3,"rock, hard",0.5
Bryophyta,639,137,165,227,227,8,4,2,8,3,artificial stone,0.5
Bryophyta,641,10,13,227,227,7,4,4,8,3,"rock, hard",0.5
Bryophyta,641,10,13,227,227,7,4,4,8,3,artificial stone,0.5
Bryophyta,642,202,210,227,227,7,5,3,7,6,decorticated wood,0.25
Bryophyta,642,202,210,227,227,7,5,3,7,6,epiphytic on living wood,0.25
Bryophyta,642,202,210,227,227,7,5,3,7,6,"rock, hard",0.25
Bryophyta,642,202,210,227,227,7,5,3,7,6,artificial stone,0.25
Bryophyta,644,105,181,227,227,6,4,4,6,4,epiphytic on living wood,1
Bryophyta,645,18,54,227,227,6,5,4,7,3,epiphytic on living wood,1
Bryophyta,646,24,32,227,227,6,4,4,6,3,epiphytic on living wood,1
Bryophyta,648,35,138,227,227,6,4,5,6,6,epiphytic on living wood,1
Bryophyta,649,27,24,227,227,6,5,4,6,5,epiphytic on living wood,1
Bryophyta,652,2,3,227,227,8,3,2,5,3,"rock, hard",0.5
Bryophyta,652,2,3,227,227,8,3,2,5,3,artificial stone,0.5
Bryophyta,656,30,58,227,227,6,4,4,6,3,epiphytic on living wood,1
Bryophyta,657,1,1,227,227,6,5,5,7,5,epiphytic on living wood,1
Bryophyta,658,43,91,227,227,6,4,4,6,4,epiphytic on living wood,1
Bryophyta,659,75,152,227,227,6,4,4,6,5,epiphytic on living wood,1
Bryophyta,660,52,133,227,227,6,5,4,6,6,epiphytic on living wood,1
Bryophyta,662,92,84,227,227,7,6,8,7,4,mineral soil,1
Bryophyta,663,5,0,227,227,8,5,8,5,7,mineral soil,1
Bryophyta,672,139,128,227,227,6,4,6,6,4,decorticated wood,0.25
Bryophyta,672,139,128,227,227,6,4,6,6,4,gravel or sand,0.25
Bryophyta,672,139,128,227,227,6,4,6,6,4,mineral soil,0.25
Bryophyta,672,139,128,227,227,6,4,6,6,4,soil on rock,0.25
Bryophyta,673,17,12,227,227,6,5,6,7,3,decorticated wood,0.25
Bryophyta,673,17,12,227,227,6,5,6,7,3,"rock, hard",0.25
Bryophyta,673,17,12,227,227,6,5,6,7,3,artificial stone,0.25
Bryophyta,673,17,12,227,227,6,5,6,7,3,mineral soil,0.25
Bryophyta,674,10,15,227,227,6,4,9,6,2,mineral soil,1
Bryophyta,675,24,31,227,227,7,3,8,5,2,mineral soil,1
Bryophyta,677,25,39,227,227,5,4,7,6,3,gravel or sand,0.16666666666666666
Bryophyta,677,25,39,227,227,5,4,7,6,3,"rock, hard",0.16666666666666666
Bryophyta,677,25,39,227,227,5,4,7,6,3,"rock, soft",0.16666666666666666
Bryophyta,677,25,39,227,227,5,4,7,6,3,artificial stone,0.16666666666666666
Bryophyta,677,25,39,227,227,5,4,7,6,3,mineral soil,0.16666666666666666
Bryophyta,677,25,39,227,227,5,4,7,6,3,soil on rock,0.16666666666666666
Bryophyta,678,137,154,227,227,5,5,6,6,3,mineral soil,1
Bryophyta,683,111,118,227,227,3,5,5,3,3,decaying vegetation,0.3333333333333333
Bryophyta,683,111,118,227,227,3,5,5,3,3,decorticated wood,0.3333333333333333
Bryophyta,683,111,118,227,227,3,5,5,3,3,mineral soil,0.3333333333333333
Bryophyta,685,95,112,227,227,3,4,5,3,3,decorticated wood,0.3333333333333333
Bryophyta,685,95,112,227,227,3,4,5,3,3,epiphytic on living wood,0.3333333333333333
Bryophyta,685,95,112,227,227,3,4,5,3,3,mineral soil,0.3333333333333333
Bryophyta,686,22,13,227,227,2,5,8,5,3,decaying vegetation,0.3333333333333333
Bryophyta,686,22,13,227,227,2,5,8,5,3,decorticated wood,0.3333333333333333
Bryophyta,686,22,13,227,227,2,5,8,5,3,epiphytic on living wood,0.3333333333333333
Bryophyta,687,127,95,227,227,3,5,6,5,3,decorticated wood,0.3333333333333333
Bryophyta,687,127,95,227,227,3,5,6,5,3,mineral soil,0.3333333333333333
Bryophyta,687,127,95,227,227,3,5,6,5,3,soil on rock,0.3333333333333333
Bryophyta,688,40,64,227,227,4,2,6,2,3,decaying vegetation,0.25
Bryophyta,688,40,64,227,227,4,2,6,2,3,decorticated wood,0.25
Bryophyta,688,40,64,227,227,4,2,6,2,3,mineral soil,0.25
Bryophyta,688,40,64,227,227,4,2,6,2,3,soil on rock,0.25
Bryophyta,692,54,82,227,227,4,4,4,5,5,epiphytic on living wood,1
Bryophyta,694,37,35,227,227,4,6,10,6,3,"rock, hard",0.5
Bryophyta,694,37,35,227,227,4,6,10,6,3,artificial stone,0.5
Bryophyta,696,39,17,227,227,6,4,5,5,5,mineral soil,1
Bryophyta,698,32,27,227,227,7,4,6,5,3,mineral soil,1
Bryophyta,700,2,7,227,227,8,2,2,9,8,gravel or sand,0.5
Bryophyta,700,2,7,227,227,8,2,2,9,8,mineral soil,0.5
Bryophyta,702,87,101,227,227,6,2,5,2,3,gravel or sand,0.3333333333333333
Bryophyta,702,87,101,227,227,6,2,5,2,3,peat,0.3333333333333333
Bryophyta,702,87,101,227,227,6,2,5,2,3,mineral soil,0.3333333333333333
Bryophyta,704,33,22,227,227,4,3,6,3,3,gravel or sand,0.5
Bryophyta,704,33,22,227,227,4,3,6,3,3,mineral soil,0.5
Bryophyta,705,10,8,227,227,5,2,6,3,5,mineral soil,1
Bryophyta,706,2,6,227,227,7,1,5,3,2,gravel or sand,0.3333333333333333
Bryophyta,706,2,6,227,227,7,1,5,3,2,mineral soil,0.3333333333333333
Bryophyta,706,2,6,227,227,7,1,5,3,2,soil on rock,0.3333333333333333
Bryophyta,709,72,37,227,227,6,3,6,4,3,gravel or sand,0.5
Bryophyta,709,72,37,227,227,6,3,6,4,3,mineral soil,0.5
Bryophyta,710,43,25,227,227,7,3,7,4,3,gravel or sand,0.5
Bryophyta,710,43,25,227,227,7,3,7,4,3,mineral soil,0.5
Bryophyta,711,37,14,227,227,7,3,7,4,3,mineral soil,1
Bryophyta,715,15,13,227,227,5,2,7,4,3,gravel or sand,0.5
Bryophyta,715,15,13,227,227,5,2,7,4,3,mineral soil,0.5
Bryophyta,716,58,24,227,227,6,4,6,5,3,mineral soil,1
Bryophyta,717,32,11,227,227,5,4,5,5,2,mineral soil,1
Bryophyta,718,67,52,227,227,6,6,7,7,5,mineral soil,1
Bryophyta,719,157,150,227,227,5,2,5,2,3,decaying vegetation,0.16666666666666666
Bryophyta,719,157,150,227,227,5,2,5,2,3,decorticated wood,0.16666666666666666
Bryophyta,719,157,150,227,227,5,2,5,2,3,gravel or sand,0.16666666666666666
Bryophyta,719,157,150,227,227,5,2,5,2,3,peat,0.16666666666666666
Bryophyta,719,157,150,227,227,5,2,5,2,3,mineral soil,0.16666666666666666
Bryophyta,720,44,28,227,227,6,4,8,6,3,gravel or sand,0.5
Bryophyta,720,44,28,227,227,6,4,8,6,3,mineral soil,0.5
Bryophyta,723,96,103,227,227,6,2,7,2,2,peat,0.5
Bryophyta,723,96,103,227,227,6,2,7,2,2,mineral soil,0.5
Bryophyta,725,76,102,227,227,8,2,5,3,2,gravel or sand,0.3333333333333333
Bryophyta,725,76,102,227,227,8,2,5,3,2,peat,0.3333333333333333
Bryophyta,725,76,102,227,227,8,2,5,3,2,mineral soil,0.3333333333333333
Bryophyta,727,82,85,227,227,9,1,3,3,3,gravel or sand,0.5
Bryophyta,727,82,85,227,227,9,1,3,3,3,mineral soil,0.5
Bryophyta,738,64,41,227,227,7,5,7,5,5,gravel or sand,0.5
Bryophyta,738,64,41,227,227,7,5,7,5,5,mineral soil,0.5
Bryophyta,740,1,1,227,227,6,4,9,5,2,mineral soil,1
Bryophyta,742,2,2,227,227,8,2,9,7,2,gravel or sand,0.5
Bryophyta,742,2,2,227,227,8,2,9,7,2,mineral soil,0.5
Bryophyta,744,85,136,227,227,8,5,3,7,5,gravel or sand,0.3333333333333333
Bryophyta,744,85,136,227,227,8,5,3,7,5,mineral soil,0.3333333333333333
Bryophyta,744,85,136,227,227,8,5,3,7,5,soil on rock,0.3333333333333333
Bryophyta,745,17,27,227,227,6,3,3,8,6,"rock, hard",0.3333333333333333
Bryophyta,745,17,27,227,227,6,3,3,8,6,"rock, soft",0.3333333333333333
Bryophyta,745,17,27,227,227,6,3,3,8,6,artificial stone,0.3333333333333333
Bryophyta,750,157,149,227,227,3,4,6,3,4,decaying vegetation,0.2
Bryophyta,750,157,149,227,227,3,4,6,3,4,decorticated wood,0.2
Bryophyta,750,157,149,227,227,3,4,6,3,4,"rock, hard",0.2
Bryophyta,750,157,149,227,227,3,4,6,3,4,mineral soil,0.2
Bryophyta,750,157,149,227,227,3,4,6,3,4,soil on rock,0.2
Bryophyta,753,2,4,227,227,6,2,5,6,2,"rock, hard",1
Bryophyta,757,3,3,227,227,8,2,3,8,7,mineral soil,1
Bryophyta,762,2,3,227,227,5,2,6,3,2,"rock, hard",0.5
Bryophyta,762,2,3,227,227,5,2,6,3,2,mineral soil,0.5
Bryophyta,766,26,99,227,227,6,4,4,5,3,epiphytic on living wood,1
Bryophyta,768,2,0,227,227,6,2,8,2,3,"rock, hard",1
Bryophyta,774,2,0,227,227,7,1,2,2,3,"rock, hard",0.5
Bryophyta,774,2,0,227,227,7,1,2,2,3,artificial stone,0.5
Bryophyta,775,3,0,227,227,7,1,4,2,3,peat,0.25
Bryophyta,775,3,0,227,227,7,1,4,2,3,"rock, hard",0.25
Bryophyta,775,3,0,227,227,7,1,4,2,3,artificial stone,0.25
Bryophyta,775,3,0,227,227,7,1,4,2,3,mineral soil,0.25
Bryophyta,788,92,83,227,227,5,4,8,5,3,decorticated wood,0.25
Bryophyta,788,92,83,227,227,5,4,8,5,3,"rock, hard",0.25
Bryophyta,788,92,83,227,227,5,4,8,5,3,artificial stone,0.25
Bryophyta,788,92,83,227,227,5,4,8,5,3,mineral soil,0.25
Bryophyta,793,2,0,227,227,2,6,9,7,8,epiphytic on living wood,0.25
Bryophyta,793,2,0,227,227,2,6,9,7,8,"rock, hard",0.25
Bryophyta,793,2,0,227,227,2,6,9,7,8,"rock, soft",0.25
Bryophyta,793,2,0,227,227,2,6,9,7,8,artificial stone,0.25
Bryophyta,794,14,14,227,227,3,5,4,8,5,"rock, hard",0.25
Bryophyta,794,14,14,227,227,3,5,4,8,5,"rock, soft",0.25
Bryophyta,794,14,14,227,227,3,5,4,8,5,artificial stone,0.25
Bryophyta,794,14,14,227,227,3,5,4,8,5,soil on rock,0.25
Bryophyta,798,132,198,227,227,4,6,5,7,5,decorticated wood,0.25
Bryophyta,798,132,198,227,227,4,6,5,7,5,epiphytic on living wood,0.25
Bryophyta,798,132,198,227,227,4,6,5,7,5,"rock, hard",0.25
Bryophyta,798,132,198,227,227,4,6,5,7,5,artificial stone,0.25
Bryophyta,799,6,13,227,227,7,5,4,7,6,gravel or sand,0.5
Bryophyta,799,6,13,227,227,7,5,4,7,6,mineral soil,0.5
Bryophyta,800,74,85,227,227,4,5,5,7,3,"rock, hard",0.5
Bryophyta,800,74,85,227,227,4,5,5,7,3,artificial stone,0.5
Bryophyta,803,6,55,227,227,5,2,6,2,3,decorticated wood,0.3333333333333333
Bryophyta,803,6,55,227,227,5,2,6,2,3,"rock, hard",0.3333333333333333
Bryophyta,803,6,55,227,227,5,2,6,2,3,mineral soil,0.3333333333333333
Bryophyta,804,170,199,227,227,7,4,5,5,3,gravel or sand,0.5
Bryophyta,804,170,199,227,227,7,4,5,5,3,mineral soil,0.5
Bryophyta,806,13,30,227,227,6,3,6,6,3,gravel or sand,0.5
Bryophyta,806,13,30,227,227,6,3,6,6,3,mineral soil,0.5
Bryophyta,831,26,29,227,227,6,2,6,4,2,epiphytic on living wood,1
Bryophyta,854,1,0,227,227,7,3,8,5,2,epiphytic on living wood,0.3333333333333333
Bryophyta,854,1,0,227,227,7,3,8,5,2,"rock, hard",0.3333333333333333
Bryophyta,854,1,0,227,227,7,3,8,5,2,artificial stone,0.3333333333333333
Bryophyta,860,1,5,227,227,6,6,5,7,7,epiphytic on living wood,0.2
Bryophyta,860,1,5,227,227,6,6,5,7,7,"rock, hard",0.2
Bryophyta,860,1,5,227,227,6,6,5,7,7,artificial stone,0.2
Bryophyta,860,1,5,227,227,6,6,5,7,7,mineral soil,0.2
Bryophyta,860,1,5,227,227,6,6,5,7,7,soil on rock,0.2
Bryophyta,864,6,1,227,227,7,1,6,1,5,mineral soil,1
Bryophyta,867,2,2,227,227,8,2,8,7,3,mineral soil,1
Bryophyta,868,2,1,227,227,8,2,9,6,2,gravel or sand,0.3333333333333333
Bryophyta,868,2,1,227,227,8,2,9,6,2,peat,0.3333333333333333
Bryophyta,868,2,1,227,227,8,2,9,6,2,mineral soil,0.3333333333333333
Bryophyta,869,2,4,227,227,8,2,10,6,2,gravel or sand,0.5
Bryophyta,869,2,4,227,227,8,2,10,6,2,mineral soil,0.5
Bryophyta,872,1,0,227,227,3,3,5,9,4,"rock, soft",1
Bryophyta,881,1,19,227,227,4,3,5,4,8,decorticated wood,0.5
Bryophyta,881,1,19,227,227,4,3,5,4,8,epiphytic on living wood,0.5
Bryophyta,891,2,1,227,227,7,2,8,3,3,peat,0.5
Bryophyta,891,2,1,227,227,7,2,8,3,3,mineral soil,0.5
Bryophyta,892,10,9,227,227,7,1,7,2,3,peat,1
Bryophyta,894,31,35,227,227,8,1,8,1,3,peat,0.5
Bryophyta,894,31,35,227,227,8,1,8,1,3,mineral soil,0.5
Bryophyta,895,1,2,227,227,8,2,9,5,3,mineral soil,1
Bryophyta,896,40,56,227,227,8,2,10,1,3,peat,1
Bryophyta,898,32,63,227,227,7,3,9,2,3,peat,1
Bryophyta,899,79,105,227,227,6,3,8,3,3,peat,0.5
Bryophyta,899,79,105,227,227,6,3,8,3,3,mineral soil,0.5
Bryophyta,900,17,35,227,227,6,3,9,3,3,peat,0.5
Bryophyta,900,17,35,227,227,6,3,9,3,3,mineral soil,0.5
Bryophyta,903,11,36,227,227,7,2,9,3,3,peat,0.5
Bryophyta,903,11,36,227,227,7,2,9,3,3,mineral soil,0.5
Bryophyta,904,6,13,227,227,8,1,8,1,3,peat,1
Bryophyta,905,5,10,227,227,8,2,10,2,3,peat,1
Bryophyta,906,2,9,227,227,8,1,8,2,5,peat,0.5
Bryophyta,906,2,9,227,227,8,1,8,2,5,mineral soil,0.5
Bryophyta,908,73,103,227,227,7,2,8,3,4,peat,0.5
Bryophyta,908,73,103,227,227,7,2,8,3,4,mineral soil,0.5
Bryophyta,909,28,40,227,227,8,1,8,1,2,peat,1
Bryophyta,914,1,4,227,227,6,2,7,2,2,mineral soil,1
Bryophyta,915,31,79,227,227,6,3,9,4,3,peat,0.5
Bryophyta,915,31,79,227,227,6,3,9,4,3,mineral soil,0.5
Bryophyta,916,12,34,227,227,7,2,8,3,4,peat,1
Bryophyta,917,7,11,227,227,8,2,9,4,2,peat,1
Bryophyta,918,21,17,227,227,8,1,8,1,3,peat,0.5
Bryophyta,918,21,17,227,227,8,1,8,1,3,mineral soil,0.5
Bryophyta,925,42,49,227,227,7,2,9,3,2,peat,0.5
Bryophyta,930,42,60,227,227,6,5,4,6,5,epiphytic on living wood,1
Bryophyta,931,24,25,227,227,6,6,6,7,6,epiphytic on living wood,0.25
Bryophyta,931,24,25,227,227,6,6,6,7,6,"rock, hard",0.25
Bryophyta,931,24,25,227,227,6,6,6,7,6,artificial stone,0.25
Bryophyta,931,24,25,227,227,6,6,6,7,6,soil on rock,0.25
Bryophyta,932,46,123,227,227,6,5,4,6,6,epiphytic on living wood,1
Bryophyta,934,26,42,227,227,8,3,3,7,5,gravel or sand,0.5
Bryophyta,934,26,42,227,227,8,3,3,7,5,artificial stone,0.5
Bryophyta,936,43,67,227,227,6,6,4,6,5,epiphytic on living wood,0.5
Bryophyta,936,43,67,227,227,6,6,4,6,5,artificial stone,0.5
Bryophyta,940,1,1,227,227,2,4,5,7,4,epiphytic on living wood,0.25
Bryophyta,940,1,1,227,227,2,4,5,7,4,"rock, hard",0.25
Bryophyta,940,1,1,227,227,2,4,5,7,4,"rock, soft",0.25
Bryophyta,940,1,1,227,227,2,4,5,7,4,mineral soil,0.25
Bryophyta,946,87,95,227,227,3,3,6,3,3,decorticated wood,1
Bryophyta,952,20,43,227,227,3,6,6,7,4,epiphytic on living wood,0.2
Bryophyta,952,20,43,227,227,3,6,6,7,4,"rock, hard",0.2
Bryophyta,952,20,43,227,227,3,6,6,7,4,"rock, soft",0.2
Bryophyta,952,20,43,227,227,3,6,6,7,4,artificial stone,0.2
Bryophyta,952,20,43,227,227,3,6,6,7,4,mineral soil,0.2
Bryophyta,955,1,1,227,227,6,2,6,5,4,"rock, hard",0.5
Bryophyta,955,1,1,227,227,6,2,6,5,4,mineral soil,0.5
Bryophyta,958,53,126,227,227,5,4,6,5,4,decorticated wood,0.2
Bryophyta,958,53,126,227,227,5,4,6,5,4,gravel or sand,0.2
Bryophyta,958,53,126,227,227,5,4,6,5,4,"rock, hard",0.2
Bryophyta,958,53,126,227,227,5,4,6,5,4,mineral soil,0.2
Bryophyta,958,53,126,227,227,5,4,6,5,4,soil on rock,0.2
Bryophyta,963,3,4,227,227,9,4,5,7,5,gravel or sand,1
Bryophyta,964,1,4,227,227,8,2,3,9,3,gravel or sand,0.3333333333333333
Bryophyta,964,1,4,227,227,8,2,3,9,3,mineral soil,0.3333333333333333
Bryophyta,964,1,4,227,227,8,2,3,9,3,soil on rock,0.3333333333333333
Bryophyta,967,6,8,227,227,7,2,4,7,5,gravel or sand,0.25
Bryophyta,967,6,8,227,227,7,2,4,7,5,"rock, hard",0.25
Bryophyta,967,6,8,227,227,7,2,4,7,5,artificial stone,0.25
Bryophyta,967,6,8,227,227,7,2,4,7,5,soil on rock,0.25
Bryophyta,974,11,7,227,227,8,3,3,8,7,mineral soil,0.5
Bryophyta,974,11,7,227,227,8,3,3,8,7,soil on rock,0.5
Bryophyta,975,14,9,227,227,3,5,4,8,8,"rock, hard",0.3333333333333333
Bryophyta,975,14,9,227,227,3,5,4,8,8,"rock, soft",0.3333333333333333
Bryophyta,975,14,9,227,227,3,5,4,8,8,artificial stone,0.3333333333333333
Bryophyta,976,42,21,227,227,8,6,5,6,5,gravel or sand,0.5
Bryophyta,976,42,21,227,227,8,6,5,6,5,mineral soil,0.5
Bryophyta,978,205,207,227,227,6,5,2,8,5,"rock, hard",0.3333333333333333
Bryophyta,978,205,207,227,227,6,5,2,8,5,"rock, soft",0.3333333333333333
Bryophyta,978,205,207,227,227,6,5,2,8,5,artificial stone,0.3333333333333333
Bryophyta,981,16,11,227,227,5,3,4,7,4,epiphytic on living wood,0.2
Bryophyta,981,16,11,227,227,5,3,4,7,4,"rock, hard",0.2
Bryophyta,981,16,11,227,227,5,3,4,7,4,artificial stone,0.2
Bryophyta,981,16,11,227,227,5,3,4,7,4,mineral soil,0.2
Bryophyta,981,16,11,227,227,5,3,4,7,4,soil on rock,0.2
Bryophyta,982,88,86,227,227,8,6,5,6,4,gravel or sand,0.5
Bryophyta,982,88,86,227,227,8,6,5,6,4,mineral soil,0.5
Bryophyta,983,2,3,227,227,2,5,4,9,8,mineral soil,1
Bryophyta,985,5,8,227,227,7,4,7,4,3,mineral soil,1
Bryophyta,992,4,0,227,227,7,3,4,8,5,gravel or sand,0.2
Bryophyta,992,4,0,227,227,7,3,4,8,5,"rock, hard",0.2
Bryophyta,992,4,0,227,227,7,3,4,8,5,artificial stone,0.2
Bryophyta,992,4,0,227,227,7,3,4,8,5,mineral soil,0.2
Bryophyta,992,4,0,227,227,7,3,4,8,5,soil on rock,0.2
Bryophyta,998,157,208,227,227,5,4,5,5,3,epiphytic on living wood,1
Bryophyta,1000,113,181,227,227,6,3,4,5,3,epiphytic on living wood,1
Bryophyta,1002,10,53,227,227,6,4,5,5,5,epiphytic on living wood,1
Bryophyta,1005,25,22,227,227,8,2,9,4,2,peat,1
Bryophyta,1006,69,60,227,227,7,2,10,2,5,peat,0.5
Bryophyta,1006,69,60,227,227,7,2,10,2,5,mineral soil,0.5
Bryophyta,1009,18,7,227,227,8,3,4,6,5,mineral soil,0.5
Bryophyta,1009,18,7,227,227,8,3,4,6,5,soil on rock,0.5
Bryophyta,1011,19,21,227,227,7,3,4,6,5,mineral soil,0.5
Bryophyta,1011,19,21,227,227,7,3,4,6,5,soil on rock,0.5
Bryophyta,1012,16,4,227,227,7,3,4,6,5,mineral soil,1
Bryophyta,1013,4,1,227,227,8,5,7,5,6,gravel or sand,0.5
Bryophyta,1013,4,1,227,227,8,5,7,5,6,mineral soil,0.5
Bryophyta,1015,3,1,227,227,8,4,6,5,5,mineral soil,1
Bryophyta,1017,3,61,227,227,6,5,4,6,5,epiphytic on living wood,1
Bryophyta,1019,5,11,227,227,6,4,4,6,5,epiphytic on living wood,1
Bryophyta,1020,31,55,227,227,6,5,4,6,4,epiphytic on living wood,0.5
Bryophyta,1020,31,55,227,227,6,5,4,6,4,artificial stone,0.5
Bryophyta,8304,3,3,227,227,8,2,3,8,6,gravel or sand,0.5
Bryophyta,8304,3,3,227,227,8,2,3,8,6,mineral soil,0.5
Bryophyta,8311,138,116,227,227,4,5,5,6,3,decorticated wood,0.2
Bryophyta,8311,138,116,227,227,4,5,5,6,3,epiphytic on living wood,0.2
Bryophyta,8311,138,116,227,227,4,5,5,6,3,"rock, hard",0.2
Bryophyta,8311,138,116,227,227,4,5,5,6,3,artificial stone,0.2
Bryophyta,8311,138,116,227,227,4,5,5,6,3,mineral soil,0.2
Bryophyta,8318,3,8,227,227,6,2,6,7,3,"rock, hard",1
Bryophyta,8320,13,13,227,227,4,5,6,7,5,"rock, hard",0.5
Bryophyta,8320,13,13,227,227,4,5,6,7,5,artificial stone,0.5
Bryophyta,8328,25,10,227,227,5,6,12,7,6,decorticated wood,0.3333333333333333
Bryophyta,8328,25,10,227,227,5,6,12,7,6,"rock, hard",0.3333333333333333
Bryophyta,8328,25,10,227,227,5,6,12,7,6,artificial stone,0.3333333333333333
Bryophyta,8330,3,2,227,227,6,4,11,5,3,epiphytic on living wood,0.25
Bryophyta,8330,3,2,227,227,6,4,11,5,3,"rock, hard",0.25
Bryophyta,8330,3,2,227,227,6,4,11,5,3,"rock, soft",0.25
Bryophyta,8330,3,2,227,227,6,4,11,5,3,soil on rock,0.25
Bryophyta,8332,9,14,227,227,4,4,9,6,5,epiphytic on living wood,0.3333333333333333
Bryophyta,8332,9,14,227,227,4,4,9,6,5,"rock, hard",0.3333333333333333
Bryophyta,8332,9,14,227,227,4,4,9,6,5,artificial stone,0.3333333333333333
Bryophyta,8336,222,222,227,227,5,5,6,5,4,decaying vegetation,0.1111111111111111
Bryophyta,8336,222,222,227,227,5,5,6,5,4,decorticated wood,0.1111111111111111
Bryophyta,8336,222,222,227,227,5,5,6,5,4,epiphytic on living wood,0.1111111111111111
Bryophyta,8336,222,222,227,227,5,5,6,5,4,gravel or sand,0.1111111111111111
Bryophyta,8336,222,222,227,227,5,5,6,5,4,"rock, hard",0.1111111111111111
Bryophyta,8336,222,222,227,227,5,5,6,5,4,"rock, soft",0.1111111111111111
Bryophyta,8336,222,222,227,227,5,5,6,5,4,artificial stone,0.1111111111111111
Bryophyta,8336,222,222,227,227,5,5,6,5,4,mineral soil,0.1111111111111111
Bryophyta,8336,222,222,227,227,5,5,6,5,4,soil on rock,0.1111111111111111
Bryophyta,8338,1,1,227,227,4,3,6,5,5,epiphytic on living wood,0.3333333333333333
Bryophyta,8338,1,1,227,227,4,3,6,5,5,"rock, hard",0.3333333333333333
Bryophyta,8338,1,1,227,227,4,3,6,5,5,mineral soil,0.3333333333333333
Bryophyta,8340,100,149,227,227,6,6,5,6,4,mineral soil,1
Bryophyta,8341,28,39,227,227,3,6,5,7,7,epiphytic on living wood,0.3333333333333333
Bryophyta,8341,28,39,227,227,3,6,5,7,7,mineral soil,0.3333333333333333
Bryophyta,8341,28,39,227,227,3,6,5,7,7,soil on rock,0.3333333333333333
Bryophyta,8342,7,7,227,227,5,4,5,6,5,"rock, soft",0.5
Bryophyta,8342,7,7,227,227,5,4,5,6,5,mineral soil,0.5
Bryophyta,8343,14,31,227,227,5,7,8,7,5,epiphytic on living wood,0.25
Bryophyta,8343,14,31,227,227,5,7,8,7,5,"rock, hard",0.25
Bryophyta,8343,14,31,227,227,5,7,8,7,5,artificial stone,0.25
Bryophyta,8343,14,31,227,227,5,7,8,7,5,mineral soil,0.25
Bryophyta,8344,91,75,227,227,8,6,5,7,4,gravel or sand,0.5
Bryophyta,8344,91,75,227,227,8,6,5,7,4,mineral soil,0.5
Bryophyta,8345,24,9,227,227,7,7,8,7,5,mineral soil,1
Bryophyta,8346,3,10,227,227,5,3,4,9,5,epiphytic on living wood,0.25
Bryophyta,8346,3,10,227,227,5,3,4,9,5,"rock, hard",0.25
Bryophyta,8346,3,10,227,227,5,3,4,9,5,"rock, soft",0.25
Bryophyta,8346,3,10,227,227,5,3,4,9,5,artificial stone,0.25
Bryophyta,8347,144,187,227,227,4,3,6,3,2,gravel or sand,0.25
Bryophyta,8347,144,187,227,227,4,3,6,3,2,peat,0.25
Bryophyta,8347,144,187,227,227,4,3,6,3,2,mineral soil,0.25
Bryophyta,8347,144,187,227,227,4,3,6,3,2,soil on rock,0.25
Bryophyta,8348,32,25,227,227,5,3,6,3,2,decorticated wood,0.3333333333333333
Bryophyta,8348,32,25,227,227,5,3,6,3,2,peat,0.3333333333333333
Bryophyta,8348,32,25,227,227,5,3,6,3,2,mineral soil,0.3333333333333333
Bryophyta,8349,5,30,227,227,7,5,4,7,6,gravel or sand,0.3333333333333333
Bryophyta,8349,5,30,227,227,7,5,4,7,6,mineral soil,0.3333333333333333
Bryophyta,8349,5,30,227,227,7,5,4,7,6,soil on rock,0.3333333333333333
Bryophyta,8350,144,183,227,227,7,3,5,6,4,gravel or sand,0.5
Bryophyta,8350,144,183,227,227,7,3,5,6,4,mineral soil,0.5
Bryophyta,8354,3,6,227,227,5,3,8,4,3,epiphytic on living wood,0.3333333333333333
Bryophyta,8354,3,6,227,227,5,3,8,4,3,"rock, hard",0.3333333333333333
Bryophyta,8354,3,6,227,227,5,3,8,4,3,artificial stone,0.3333333333333333
Bryophyta,8355,42,44,227,227,5,5,5,6,3,epiphytic on living wood,0.5
Bryophyta,8355,42,44,227,227,5,5,5,6,3,artificial stone,0.5
Bryophyta,8362,108,66,227,227,7,4,5,5,3,gravel or sand,0.5
Bryophyta,8362,108,66,227,227,7,4,5,5,3,mineral soil,0.5
Bryophyta,8364,12,27,227,227,8,3,4,7,6,gravel or sand,0.25
Bryophyta,8364,12,27,227,227,8,3,4,7,6,artificial stone,0.25
Bryophyta,8364,12,27,227,227,8,3,4,7,6,mineral soil,0.25
Bryophyta,8364,12,27,227,227,8,3,4,7,6,soil on rock,0.25
Bryophyta,8367,23,37,227,227,6,4,5,6,7,gravel or sand,0.2
Bryophyta,8367,23,37,227,227,6,4,5,6,7,"rock, hard",0.2
Bryophyta,8367,23,37,227,227,6,4,5,6,7,artificial stone,0.2
Bryophyta,8367,23,37,227,227,6,4,5,6,7,mineral soil,0.2
Bryophyta,8367,23,37,227,227,6,4,5,6,7,soil on rock,0.2
Bryophyta,8368,39,22,227,227,6,4,5,5,6,mineral soil,1
Bryophyta,8441,4,5,227,227,7,2,9,7,3,"rock, hard",0.3333333333333333
Bryophyta,8441,4,5,227,227,7,2,9,7,3,"rock, soft",0.3333333333333333
Bryophyta,8441,4,5,227,227,7,2,9,7,3,mineral soil,0.3333333333333333
Bryophyta,8451,3,5,227,227,8,2,3,6,3,gravel or sand,0.5
Bryophyta,8451,3,5,227,227,8,2,3,6,3,mineral soil,0.5
Bryophyta,8518,132,99,227,227,4,5,6,4,4,decaying vegetation,0.14285714285714285
Bryophyta,8518,132,99,227,227,4,5,6,4,4,decorticated wood,0.14285714285714285
Bryophyta,8518,132,99,227,227,4,5,6,4,4,epiphytic on living wood,0.14285714285714285
Bryophyta,8518,132,99,227,227,4,5,6,4,4,"rock, hard",0.14285714285714285
Bryophyta,8518,132,99,227,227,4,5,6,4,4,artificial stone,0.14285714285714285
Bryophyta,8518,132,99,227,227,4,5,6,4,4,mineral soil,0.14285714285714285
Bryophyta,8518,132,99,227,227,4,5,6,4,4,soil on rock,0.14285714285714285
Marchantiophyta,68,20,16,227,227,4,3,8,4,5,decaying vegetation,0.25
Marchantiophyta,68,20,16,227,227,4,3,8,4,5,decorticated wood,0.25
Marchantiophyta,68,20,16,227,227,4,3,8,4,5,peat,0.25
Marchantiophyta,68,20,16,227,227,4,3,8,4,5,mineral soil,0.25
Marchantiophyta,77,81,90,227,227,4,4,8,7,4,gravel or sand,0.2
Marchantiophyta,77,81,90,227,227,4,4,8,7,4,"rock, soft",0.2
Marchantiophyta,77,81,90,227,227,4,4,8,7,4,artificial stone,0.2
Marchantiophyta,77,81,90,227,227,4,4,8,7,4,mineral soil,0.2
Marchantiophyta,77,81,90,227,227,4,4,8,7,4,soil on rock,0.2
Marchantiophyta,78,154,138,227,227,4,4,8,4,4,"rock, hard",0.25
Marchantiophyta,78,154,138,227,227,4,4,8,4,4,"rock, soft",0.25
Marchantiophyta,78,154,138,227,227,4,4,8,4,4,mineral soil,0.25
Marchantiophyta,78,154,138,227,227,4,4,8,4,4,soil on rock,0.25
Marchantiophyta,79,21,13,227,227,6,3,8,5,3,gravel or sand,0.5
Marchantiophyta,79,21,13,227,227,6,3,8,5,3,mineral soil,0.5
Marchantiophyta,116,59,50,227,227,8,2,9,6,3,gravel or sand,0.25
Marchantiophyta,116,59,50,227,227,8,2,9,6,3,"rock, soft",0.25
Marchantiophyta,116,59,50,227,227,8,2,9,6,3,mineral soil,0.25
Marchantiophyta,116,59,50,227,227,8,2,9,6,3,soil on rock,0.25
Marchantiophyta,145,2,1,227,227,4,2,5,2,3,decorticated wood,0.14285714285714285
Marchantiophyta,145,2,1,227,227,4,2,5,2,3,epiphytic on living wood,0.14285714285714285
Marchantiophyta,145,2,1,227,227,4,2,5,2,3,peat,0.14285714285714285
Marchantiophyta,145,2,1,227,227,4,2,5,2,3,"rock, hard",0.14285714285714285
Marchantiophyta,145,2,1,227,227,4,2,5,2,3,"rock, soft",0.14285714285714285
Marchantiophyta,145,2,1,227,227,4,2,5,2,3,mineral soil,0.14285714285714285
Marchantiophyta,145,2,1,227,227,4,2,5,2,3,soil on rock,0.14285714285714285
Marchantiophyta,146,7,0,227,227,5,2,5,3,3,bryophyte,0.16666666666666666
Marchantiophyta,146,7,0,227,227,5,2,5,3,3,gravel or sand,0.16666666666666666
Marchantiophyta,146,7,0,227,227,5,2,5,3,3,"rock, hard",0.16666666666666666
Marchantiophyta,146,7,0,227,227,5,2,5,3,3,artificial stone,0.16666666666666666
Marchantiophyta,146,7,0,227,227,5,2,5,3,3,mineral soil,0.16666666666666666
Marchantiophyta,146,7,0,227,227,5,2,5,3,3,soil on rock,0.16666666666666666
Marchantiophyta,148,1,0,227,227,6,2,5,3,2,bryophyte,0.16666666666666666
Marchantiophyta,148,1,0,227,227,6,2,5,3,2,peat,0.16666666666666666
Marchantiophyta,148,1,0,227,227,6,2,5,3,2,"rock, hard",0.16666666666666666
Marchantiophyta,148,1,0,227,227,6,2,5,3,2,artificial stone,0.16666666666666666
Marchantiophyta,148,1,0,227,227,6,2,5,3,2,mineral soil,0.16666666666666666
Marchantiophyta,148,1,0,227,227,6,2,5,3,2,soil on rock,0.16666666666666666
Marchantiophyta,158,2,1,227,227,4,2,6,2,4,"rock, hard",0.3333333333333333
Marchantiophyta,158,2,1,227,227,4,2,6,2,4,mineral soil,0.3333333333333333
Marchantiophyta,158,2,1,227,227,4,2,6,2,4,soil on rock,0.3333333333333333
Marchantiophyta,161,39,24,227,227,6,4,8,4,3,gravel or sand,0.5
Marchantiophyta,161,39,24,227,227,6,4,8,4,3,mineral soil,0.5
Marchantiophyta,240,57,43,227,227,1,4,7,4,6,mineral soil,1
Marchantiophyta,241,2,0,227,227,3,1,7,3,3,bryophyte,0.16666666666666666
Marchantiophyta,241,2,0,227,227,3,1,7,3,3,decaying vegetation,0.16666666666666666
Marchantiophyta,241,2,0,227,227,3,1,7,3,3,peat,0.16666666666666666
Marchantiophyta,241,2,0,227,227,3,1,7,3,3,"rock, hard",0.16666666666666666
Marchantiophyta,241,2,0,227,227,3,1,7,3,3,mineral soil,0.16666666666666666
Marchantiophyta,241,2,0,227,227,3,1,7,3,3,soil on rock,0.16666666666666666
Marchantiophyta,242,135,118,227,227,3,3,7,3,4,bryophyte,0.2
Marchantiophyta,242,135,118,227,227,3,3,7,3,4,decaying vegetation,0.2
Marchantiophyta,242,135,118,227,227,3,3,7,3,4,peat,0.2
Marchantiophyta,242,135,118,227,227,3,3,7,3,4,mineral soil,0.2
Marchantiophyta,242,135,118,227,227,3,3,7,3,4,soil on rock,0.2
Marchantiophyta,243,8,11,227,227,3,1,7,2,3,mineral soil,1
Marchantiophyta,244,113,101,227,227,3,1,7,2,3,bryophyte,0.25
Marchantiophyta,244,113,101,227,227,3,1,7,2,3,decaying vegetation,0.25
Marchantiophyta,244,113,101,227,227,3,1,7,2,3,peat,0.25
Marchantiophyta,244,113,101,227,227,3,1,7,2,3,mineral soil,0.25
Marchantiophyta,246,5,0,227,227,8,1,9,1,3,bryophyte,1
Marchantiophyta,268,142,118,227,227,4,2,7,2,5,bryophyte,0.2
Marchantiophyta,268,142,118,227,227,4,2,7,2,5,decaying vegetation,0.2
Marchantiophyta,268,142,118,227,227,4,2,7,2,5,decorticated wood,0.2
Marchantiophyta,268,142,118,227,227,4,2,7,2,5,peat,0.2
Marchantiophyta,268,142,118,227,227,4,2,7,2,5,mineral soil,0.2
Marchantiophyta,270,38,26,227,227,6,1,8,1,3,bryophyte,0.3333333333333333
Marchantiophyta,270,38,26,227,227,6,1,8,1,3,decaying vegetation,0.3333333333333333
Marchantiophyta,270,38,26,227,227,6,1,8,1,3,peat,0.3333333333333333
Marchantiophyta,271,1,1,227,227,5,2,8,2,3,decorticated wood,0.2
Marchantiophyta,271,1,1,227,227,5,2,8,2,3,peat,0.2
Marchantiophyta,271,1,1,227,227,5,2,8,2,3,"rock, soft",0.2
Marchantiophyta,271,1,1,227,227,5,2,8,2,3,mineral soil,0.2
Marchantiophyta,271,1,1,227,227,5,2,8,2,3,soil on rock,0.2
Marchantiophyta,272,18,13,227,227,7,1,8,1,2,bryophyte,0.3333333333333333
Marchantiophyta,272,18,13,227,227,7,1,8,1,2,decaying vegetation,0.3333333333333333
Marchantiophyta,272,18,13,227,227,7,1,8,1,2,peat,0.3333333333333333
Marchantiophyta,273,6,0,227,227,4,2,8,2,2,bryophyte,1
Marchantiophyta,276,93,65,227,227,7,2,5,2,5,gravel or sand,0.3333333333333333
Marchantiophyta,276,93,65,227,227,7,2,5,2,5,peat,0.3333333333333333
Marchantiophyta,276,93,65,227,227,7,2,5,2,5,mineral soil,0.3333333333333333
Marchantiophyta,277,17,2,227,227,7,1,8,2,2,bryophyte,1
Marchantiophyta,278,14,17,227,227,6,2,6,2,4,bryophyte,0.25
Marchantiophyta,278,14,17,227,227,6,2,6,2,4,gravel or sand,0.25
Marchantiophyta,278,14,17,227,227,6,2,6,2,4,peat,0.25
Marchantiophyta,278,14,17,227,227,6,2,6,2,4,mineral soil,0.25
Marchantiophyta,279,20,10,227,227,6,2,5,2,3,bryophyte,0.16666666666666666
Marchantiophyta,279,20,10,227,227,6,2,5,2,3,decaying vegetation,0.16666666666666666
Marchantiophyta,279,20,10,227,227,6,2,5,2,3,decorticated wood,0.16666666666666666
Marchantiophyta,279,20,10,227,227,6,2,5,2,3,gravel or sand,0.16666666666666666
Marchantiophyta,279,20,10,227,227,6,2,5,2,3,peat,0.16666666666666666
Marchantiophyta,279,20,10,227,227,6,2,5,2,3,mineral soil,0.16666666666666666
Marchantiophyta,280,4,0,227,227,7,1,5,5,6,mineral soil,0.5
Marchantiophyta,280,4,0,227,227,7,1,5,5,6,soil on rock,0.5
Marchantiophyta,298,25,20,227,227,8,1,9,1,2,bryophyte,0.3333333333333333
Marchantiophyta,298,25,20,227,227,8,1,9,1,2,peat,0.3333333333333333
Marchantiophyta,299,31,9,227,227,6,2,7,2,2,mineral soil,1
Marchantiophyta,304,2,88,227,227,6,4,4,6,6,epiphytic on living wood,1
Marchantiophyta,372,47,37,227,227,5,1,6,2,5,gravel or sand,0.2
Marchantiophyta,372,47,37,227,227,5,1,6,2,5,peat,0.2
Marchantiophyta,372,47,37,227,227,5,1,6,2,5,"rock, hard",0.2
Marchantiophyta,372,47,37,227,227,5,1,6,2,5,mineral soil,0.2
Marchantiophyta,372,47,37,227,227,5,1,6,2,5,soil on rock,0.2
Marchantiophyta,373,4,0,227,227,6,1,6,2,4,gravel or sand,0.5
Marchantiophyta,373,4,0,227,227,6,1,6,2,4,mineral soil,0.5
Marchantiophyta,445,33,36,227,227,7,3,9,5,3,gravel or sand,0.3333333333333333
Marchantiophyta,445,33,36,227,227,7,3,9,5,3,peat,0.3333333333333333
Marchantiophyta,445,33,36,227,227,7,3,9,5,3,mineral soil,0.3333333333333333
Marchantiophyta,446,8,5,227,227,7,3,8,5,5,gravel or sand,0.5
Marchantiophyta,446,8,5,227,227,7,3,8,5,5,mineral soil,0.5
Marchantiophyta,447,14,2,227,227,6,4,7,5,7,mineral soil,1
Marchantiophyta,448,41,11,227,227,7,3,7,4,5,gravel or sand,0.5
Marchantiophyta,448,41,11,227,227,7,3,7,4,5,mineral soil,0.5
Marchantiophyta,450,142,211,227,227,6,4,4,6,3,epiphytic on living wood,1
Marchantiophyta,452,1,5,227,227,6,2,5,4,3,epiphytic on living wood,1
Marchantiophyta,478,75,44,227,227,7,1,7,1,2,gravel or sand,0.3333333333333333
Marchantiophyta,478,75,44,227,227,7,1,7,1,2,peat,0.3333333333333333
Marchantiophyta,478,75,44,227,227,7,1,7,1,2,mineral soil,0.3333333333333333
Marchantiophyta,516,10,0,227,227,6,3,6,4,3,mineral soil,1
Marchantiophyta,518,74,45,227,227,6,3,6,4,4,gravel or sand,0.5
Marchantiophyta,518,74,45,227,227,6,3,6,4,4,mineral soil,0.5
Marchantiophyta,519,2,0,227,227,5,3,8,5,3,"rock, soft",0.3333333333333333
Marchantiophyta,519,2,0,227,227,5,3,8,5,3,mineral soil,0.3333333333333333
Marchantiophyta,519,2,0,227,227,5,3,8,5,3,soil on rock,0.3333333333333333
Marchantiophyta,527,29,14,227,227,7,1,9,1,2,bryophyte,0.3333333333333333
Marchantiophyta,527,29,14,227,227,7,1,9,1,2,decaying vegetation,0.3333333333333333
Marchantiophyta,527,29,14,227,227,7,1,9,1,2,peat,0.3333333333333333
Marchantiophyta,531,5,6,227,227,6,2,7,8,3,mineral soil,1
Marchantiophyta,539,56,51,227,227,3,2,6,2,3,decaying vegetation,0.2
Marchantiophyta,539,56,51,227,227,3,2,6,2,3,decorticated wood,0.2
Marchantiophyta,539,56,51,227,227,3,2,6,2,3,peat,0.2
Marchantiophyta,539,56,51,227,227,3,2,6,2,3,mineral soil,0.2
Marchantiophyta,539,56,51,227,227,3,2,6,2,3,soil on rock,0.2
Marchantiophyta,558,170,144,227,227,5,3,6,4,3,decaying vegetation,0.16666666666666666
Marchantiophyta,558,170,144,227,227,5,3,6,4,3,decorticated wood,0.16666666666666666
Marchantiophyta,558,170,144,227,227,5,3,6,4,3,epiphytic on living wood,0.16666666666666666
Marchantiophyta,558,170,144,227,227,5,3,6,4,3,gravel or sand,0.16666666666666666
Marchantiophyta,558,170,144,227,227,5,3,6,4,3,peat,0.16666666666666666
Marchantiophyta,558,170,144,227,227,5,3,6,4,3,mineral soil,0.16666666666666666
Marchantiophyta,559,218,216,227,227,4,5,5,4,3,decaying vegetation,0.125
Marchantiophyta,559,218,216,227,227,4,5,5,4,3,decorticated wood,0.125
Marchantiophyta,559,218,216,227,227,4,5,5,4,3,epiphytic on living wood,0.125
Marchantiophyta,559,218,216,227,227,4,5,5,4,3,gravel or sand,0.125
Marchantiophyta,559,218,216,227,227,4,5,5,4,3,peat,0.125
Marchantiophyta,559,218,216,227,227,4,5,5,4,3,"rock, soft",0.125
Marchantiophyta,559,218,216,227,227,4,5,5,4,3,mineral soil,0.125
Marchantiophyta,559,218,216,227,227,4,5,5,4,3,soil on rock,0.125
Marchantiophyta,561,33,107,227,227,5,2,5,4,5,decaying vegetation,0.16666666666666666
Marchantiophyta,561,33,107,227,227,5,2,5,4,5,decorticated wood,0.16666666666666666
Marchantiophyta,561,33,107,227,227,5,2,5,4,5,gravel or sand,0.16666666666666666
Marchantiophyta,561,33,107,227,227,5,2,5,4,5,peat,0.16666666666666666
Marchantiophyta,561,33,107,227,227,5,2,5,4,5,mineral soil,0.16666666666666666
Marchantiophyta,561,33,107,227,227,5,2,5,4,5,soil on rock,0.16666666666666666
Marchantiophyta,563,31,3,227,227,6,1,4,3,5,gravel or sand,0.5
Marchantiophyta,563,31,3,227,227,6,1,4,3,5,mineral soil,0.5
Marchantiophyta,564,26,23,227,227,7,2,7,3,5,decaying vegetation,0.3333333333333333
Marchantiophyta,564,26,23,227,227,7,2,7,3,5,gravel or sand,0.3333333333333333
Marchantiophyta,564,26,23,227,227,7,2,7,3,5,mineral soil,0.3333333333333333
Marchantiophyta,565,1,0,227,227,7,2,5,5,3,bryophyte,0.16666666666666666
Marchantiophyta,565,1,0,227,227,7,2,5,5,3,gravel or sand,0.16666666666666666
Marchantiophyta,565,1,0,227,227,7,2,5,5,3,peat,0.16666666666666666
Marchantiophyta,565,1,0,227,227,7,2,5,5,3,"rock, hard",0.16666666666666666
Marchantiophyta,565,1,0,227,227,7,2,5,5,3,mineral soil,0.16666666666666666
Marchantiophyta,565,1,0,227,227,7,2,5,5,3,soil on rock,0.16666666666666666
Marchantiophyta,571,1,1,227,227,6,2,5,9,3,"rock, soft",0.5
Marchantiophyta,571,1,1,227,227,6,2,5,9,3,mineral soil,0.5
Marchantiophyta,573,17,8,227,227,5,2,6,2,3,bryophyte,0.16666666666666666
Marchantiophyta,573,17,8,227,227,5,2,6,2,3,decaying vegetation,0.16666666666666666
Marchantiophyta,573,17,8,227,227,5,2,6,2,3,decorticated wood,0.16666666666666666
Marchantiophyta,573,17,8,227,227,5,2,6,2,3,gravel or sand,0.16666666666666666
Marchantiophyta,573,17,8,227,227,5,2,6,2,3,peat,0.16666666666666666
Marchantiophyta,573,17,8,227,227,5,2,6,2,3,mineral soil,0.16666666666666666
Marchantiophyta,576,65,82,227,227,4,7,7,7,8,"rock, hard",0.2
Marchantiophyta,576,65,82,227,227,4,7,7,7,8,"rock, soft",0.2
Marchantiophyta,576,65,82,227,227,4,7,7,7,8,artificial stone,0.2
Marchantiophyta,576,65,82,227,227,4,7,7,7,8,mineral soil,0.2
Marchantiophyta,576,65,82,227,227,4,7,7,7,8,soil on rock,0.2
Marchantiophyta,578,156,160,227,227,7,5,8,6,5,gravel or sand,0.2
Marchantiophyta,578,156,160,227,227,7,5,8,6,5,peat,0.2
Marchantiophyta,578,156,160,227,227,7,5,8,6,5,artificial stone,0.2
Marchantiophyta,578,156,160,227,227,7,5,8,6,5,mineral soil,0.2
Marchantiophyta,578,156,160,227,227,7,5,8,6,5,soil on rock,0.2
Marchantiophyta,591,93,201,227,227,5,3,4,5,3,epiphytic on living wood,1
Marchantiophyta,592,1,8,227,227,5,3,5,5,6,epiphytic on living wood,0.5
Marchantiophyta,592,1,8,227,227,5,3,5,5,6,"rock, hard",0.5
Marchantiophyta,600,5,13,227,227,5,3,5,5,5,epiphytic on living wood,1
Marchantiophyta,612,10,1,227,227,7,1,9,1,2,bryophyte,0.5
Marchantiophyta,612,10,1,227,227,7,1,9,1,2,peat,0.5
Marchantiophyta,616,31,3,227,227,6,2,7,3,2,gravel or sand,0.5
Marchantiophyta,616,31,3,227,227,6,2,7,3,2,mineral soil,0.5
Marchantiophyta,618,17,9,227,227,6,1,6,3,3,gravel or sand,0.5
Marchantiophyta,618,17,9,227,227,6,1,6,3,3,mineral soil,0.5
Marchantiophyta,624,2,13,227,227,4,2,7,2,4,decorticated wood,1
Marchantiophyta,628,2,3,227,227,7,1,6,1,4,peat,0.25
Marchantiophyta,628,2,3,227,227,7,1,6,1,4,"rock, soft",0.25
Marchantiophyta,628,2,3,227,227,7,1,6,1,4,mineral soil,0.25
Marchantiophyta,628,2,3,227,227,7,1,6,1,4,soil on rock,0.25
Marchantiophyta,629,24,16,227,227,8,1,8,1,2,bryophyte,0.5
Marchantiophyta,629,24,16,227,227,8,1,8,1,2,peat,0.5
Marchantiophyta,667,4,8,227,227,5,4,6,6,4,peat,0.3333333333333333
Marchantiophyta,667,4,8,227,227,5,4,6,6,4,"rock, hard",0.3333333333333333
Marchantiophyta,667,4,8,227,227,5,4,6,6,4,mineral soil,0.3333333333333333
Marchantiophyta,669,5,0,227,227,4,4,6,6,3,decorticated wood,0.125
Marchantiophyta,669,5,0,227,227,4,4,6,6,3,epiphytic on living wood,0.125
Marchantiophyta,669,5,0,227,227,4,4,6,6,3,gravel or sand,0.125
Marchantiophyta,669,5,0,227,227,4,4,6,6,3,"rock, hard",0.125
Marchantiophyta,669,5,0,227,227,4,4,6,6,3,"rock, soft",0.125
Marchantiophyta,669,5,0,227,227,4,4,6,6,3,artificial stone,0.125
Marchantiophyta,669,5,0,227,227,4,4,6,6,3,mineral soil,0.125
Marchantiophyta,669,5,0,227,227,4,4,6,6,3,soil on rock,0.125
Marchantiophyta,734,4,32,227,227,6,3,4,8,3,epiphytic on living wood,0.2
Marchantiophyta,734,4,32,227,227,6,3,4,8,3,"rock, hard",0.2
Marchantiophyta,734,4,32,227,227,6,3,4,8,3,"rock, soft",0.2
Marchantiophyta,734,4,32,227,227,6,3,4,8,3,artificial stone,0.2
Marchantiophyta,734,4,32,227,227,6,3,4,8,3,mineral soil,0.2
Marchantiophyta,736,1,2,227,227,6,2,7,7,2,gravel or sand,0.25
Marchantiophyta,736,1,2,227,227,6,2,7,7,2,peat,0.25
Marchantiophyta,736,1,2,227,227,6,2,7,7,2,mineral soil,0.25
Marchantiophyta,736,1,2,227,227,6,2,7,7,2,soil on rock,0.25
Marchantiophyta,759,34,12,227,227,6,2,5,2,3,decaying vegetation,0.5
Marchantiophyta,759,34,12,227,227,6,2,5,2,3,gravel or sand,0.5
Marchantiophyta,760,60,8,227,227,6,3,4,4,3,decorticated wood,0.5
Marchantiophyta,760,60,8,227,227,6,3,4,4,3,epiphytic on living wood,0.5
Marchantiophyta,778,99,189,227,227,5,3,4,6,3,epiphytic on living wood,1
Marchantiophyta,781,2,2,227,227,6,4,4,6,4,mineral soil,0.5
Marchantiophyta,781,2,2,227,227,6,4,4,6,4,soil on rock,0.5
Marchantiophyta,810,46,30,227,227,6,3,9,6,4,gravel or sand,0.5
Marchantiophyta,810,46,30,227,227,6,3,9,6,4,mineral soil,0.5
Marchantiophyta,811,19,23,227,227,8,2,8,5,2,gravel or sand,0.5
Marchantiophyta,811,19,23,227,227,8,2,8,5,2,mineral soil,0.5
Marchantiophyta,813,12,5,227,227,7,2,9,5,4,decaying vegetation,0.25
Marchantiophyta,813,12,5,227,227,7,2,9,5,4,gravel or sand,0.25
Marchantiophyta,813,12,5,227,227,7,2,9,5,4,peat,0.25
Marchantiophyta,813,12,5,227,227,7,2,9,5,4,mineral soil,0.25
Marchantiophyta,815,9,12,227,227,8,3,5,5,3,mineral soil,1
Marchantiophyta,816,35,36,227,227,8,3,5,5,5,mineral soil,1
Marchantiophyta,817,17,6,227,227,7,5,9,5,5,mineral soil,1
Marchantiophyta,818,23,14,227,227,7,6,9,7,6,gravel or sand,0.5
Marchantiophyta,818,23,14,227,227,7,6,9,7,6,mineral soil,0.5
Marchantiophyta,821,70,59,227,227,7,6,10,7,6,gravel or sand,0.25
Marchantiophyta,821,70,59,227,227,7,6,10,7,6,peat,0.25
Marchantiophyta,821,70,59,227,227,7,6,10,7,6,mineral soil,0.25
Marchantiophyta,822,70,50,227,227,7,6,6,6,5,mineral soil,1
Marchantiophyta,823,17,10,227,227,7,5,9,5,5,mineral soil,1
Marchantiophyta,825,79,80,227,227,7,4,5,5,6,mineral soil,1
Marchantiophyta,826,9,11,227,227,7,4,5,5,6,mineral soil,1
Marchantiophyta,837,3,0,227,227,6,2,6,3,3,gravel or sand,0.3333333333333333
Marchantiophyta,837,3,0,227,227,6,2,6,3,3,"rock, soft",0.3333333333333333
Marchantiophyta,837,3,0,227,227,6,2,6,3,3,mineral soil,0.3333333333333333
Marchantiophyta,839,14,9,227,227,7,2,8,4,3,gravel or sand,0.5
Marchantiophyta,839,14,9,227,227,7,2,8,4,3,mineral soil,0.5
Marchantiophyta,842,14,4,227,227,5,2,7,4,4,decorticated wood,0.16666666666666666
Marchantiophyta,842,14,4,227,227,5,2,7,4,4,epiphytic on living wood,0.16666666666666666
Marchantiophyta,842,14,4,227,227,5,2,7,4,4,"rock, hard",0.16666666666666666
Marchantiophyta,842,14,4,227,227,5,2,7,4,4,"rock, soft",0.16666666666666666
Marchantiophyta,842,14,4,227,227,5,2,7,4,4,artificial stone,0.16666666666666666
Marchantiophyta,842,14,4,227,227,5,2,7,4,4,mineral soil,0.16666666666666666
Marchantiophyta,845,1,1,227,227,6,2,10,4,3,gravel or sand,0.2
Marchantiophyta,845,1,1,227,227,6,2,10,4,3,"rock, hard",0.2
Marchantiophyta,845,1,1,227,227,6,2,10,4,3,"rock, soft",0.2
Marchantiophyta,845,1,1,227,227,6,2,10,4,3,artificial stone,0.2
Marchantiophyta,845,1,1,227,227,6,2,10,4,3,mineral soil,0.2
Marchantiophyta,887,4,5,227,227,8,5,6,5,8,mineral soil,1
Marchantiophyta,888,41,29,227,227,8,5,6,5,7,mineral soil,1
Marchantiophyta,987,4,5,227,227,5,4,9,5,4,"rock, hard",0.5
Marchantiophyta,987,4,5,227,227,5,4,9,5,4,mineral soil,0.5
Marchantiophyta,8339,4,68,227,227,5,5,5,6,5,epiphytic on living wood,1
Marchantiophyta,8438,43,27,227,227,3,5,7,6,3,"rock, hard",0.2
Marchantiophyta,8438,43,27,227,227,3,5,7,6,3,"rock, soft",0.2
Marchantiophyta,8438,43,27,227,227,3,5,7,6,3,artificial stone,0.2
Marchantiophyta,8438,43,27,227,227,3,5,7,6,3,mineral soil,0.2
Marchantiophyta,8438,43,27,227,227,3,5,7,6,3,soil on rock,0.2
Marchantiophyta,8439,85,40,227,227,6,4,9,6,4,decaying vegetation,0.25
Marchantiophyta,8439,85,40,227,227,6,4,9,6,4,decorticated wood,0.25
Marchantiophyta,8439,85,40,227,227,6,4,9,6,4,gravel or sand,0.25
Marchantiophyta,8439,85,40,227,227,6,4,9,6,4,mineral soil,0.25
Bryophyta,53,0,1,227,227,8,1,1,3,7,"rock, hard",0.5
Bryophyta,53,0,1,227,227,8,1,1,3,7,artificial stone,0.5
Bryophyta,228,0,2,227,227,8,4,8,8,3,gravel or sand,1
Bryophyta,231,0,1,227,227,5,2,6,2,3,mineral soil,1
Bryophyta,341,0,1,227,227,4,2,6,3,4,decorticated wood,1
Bryophyta,363,0,2,227,227,6,4,5,7,7,epiphytic on living wood,0.25
Bryophyta,363,0,2,227,227,6,4,5,7,7,gravel or sand,0.25
Bryophyta,363,0,2,227,227,6,4,5,7,7,"rock, hard",0.25
Bryophyta,363,0,2,227,227,6,4,5,7,7,artificial stone,0.25
Bryophyta,465,0,1,227,227,9,1,1,4,6,"rock, hard",0.5
Bryophyta,465,0,1,227,227,9,1,1,4,6,artificial stone,0.5
Bryophyta,471,0,2,227,227,7,1,1,4,4,"rock, hard",0.5
Bryophyta,471,0,2,227,227,7,1,1,4,4,artificial stone,0.5
Bryophyta,621,0,2,227,227,6,3,4,8,3,epiphytic on living wood,0.3333333333333333
Bryophyta,621,0,2,227,227,6,3,4,8,3,"rock, hard",0.3333333333333333
Bryophyta,621,0,2,227,227,6,3,4,8,3,"rock, soft",0.3333333333333333
Bryophyta,622,0,4,227,227,5,4,5,5,3,epiphytic on living wood,1
Bryophyta,907,0,1,227,227,6,3,9,3,3,peat,1
Bryophyta,910,0,2,227,227,8,2,9,5,3,mineral soil,1
Bryophyta,912,0,2,227,227,7,2,9,2,2,peat,0.5
Bryophyta,912,0,2,227,227,7,2,9,2,2,mineral soil,0.5
Bryophyta,919,0,4,227,227,7,2,9,4,2,mineral soil,1
Bryophyta,999,0,1,227,227,5,3,5,5,3,epiphytic on living wood,1
Bryophyta,8356,0,6,227,227,5,4,6,3,2,decaying vegetation,1
Bryophyta,8360,0,1,227,227,7,2,4,8,3,gravel or sand,0.3333333333333333
Bryophyta,8360,0,1,227,227,7,2,4,8,3,"rock, hard",0.3333333333333333
Bryophyta,8360,0,1,227,227,7,2,4,8,3,mineral soil,0.3333333333333333
Bryophyta,8394,0,1,227,227,9,1,1,7,6,"rock, hard",0.5
Bryophyta,8394,0,1,227,227,9,1,1,7,6,artificial stone,0.5
Marchantiophyta,812,0,2,227,227,7,1,8,1,3,bryophyte,0.25
Marchantiophyta,812,0,2,227,227,7,1,8,1,3,decaying vegetation,0.25
Marchantiophyta,812,0,2,227,227,7,1,8,1,3,decorticated wood,0.25
Marchantiophyta,812,0,2,227,227,7,1,8,1,3,peat,0.25
Marchantiophyta,8839,0,1,227,227,8,3,5,5,8,mineral soil,0.5
Marchantiophyta,8839,0,1,227,227,8,3,5,5,8,soil on rock,0.5
